IataCode,City,Country,DisplayName
AAC,Al Arish,Egypt,"Al Arish, Egypt"
AAE,Annaba,Algeria,"Annaba, Algeria"
AAL,Alborg,Denmark,"Alborg, Denmark"
AAN,Al Ain,United Arab Emirates,"Al Ain, United Arab Emirates"
AAR,Aarhus,Denmark,"Aarhus, Denmark"
ABD,Abadan,Iran,"Abadan, Iran"
ABE,"Allentown, PA",USA,"Allentown, PA, USA"
ABI,"Abilene, TX",USA,"Abilene, TX, USA"
ABJ,Abidjan,Ivory Coast,"Abidjan, Ivory Coast"
ABM,Bamaga,Australia,"Bamaga, Australia"
ABQ,"Albuquerque, NM",USA,"Albuquerque, NM, USA"
ABR,"Aberdeen, SD",USA,"Aberdeen, SD, USA"
ABS,Abu Simbel,Egypt,"Abu Simbel, Egypt"
ABV,Abuja International,Nigeria,"Abuja International, Nigeria"
ABX,Albury,Australia,"Albury, Australia"
ABY,"Albany, GA",USA,"Albany, GA, USA"
ABZ,Aberdeen,United Kingdom,"Aberdeen, United Kingdom"
ACA,Acapulco,Mexico,"Acapulco, Mexico"
ACC,Accra,Ghana,"Accra, Ghana"
ACE,Arrecife/Lanzarote,Spain,"Arrecife/Lanzarote, Spain"
ACH,Altenrhein,Switzerland,"Altenrhein, Switzerland"
ACK,"Nantucket, MA",USA,"Nantucket, MA, USA"
ACT,"Waco, TX",USA,"Waco, TX, USA"
ACV,"Eureka, CA",USA,"Eureka, CA, USA"
ACY,"Atlantic City, NJ",USA,"Atlantic City, NJ, USA"
ADA,Adana,Turkey,"Adana, Turkey"
ADD,Addis Ababa,Ethiopia,"Addis Ababa, Ethiopia"
ADE,Aden,Yemen,"Aden, Yemen"
ADJ,"Amman, Civil Marka ",Jordan,"Amman, Civil Marka , Jordan"
ADL,Adelaide,Australia,"Adelaide, Australia"
ADQ,"Kodiak, AK",USA,"Kodiak, AK, USA"
ADX,Aktyubinsk,Kazakhstan,"Aktyubinsk, Kazakhstan"
ADY,Alldays,South Africa,"Alldays, South Africa"
ADZ,San Andres,Colombia,"San Andres, Colombia"
AEH,Abeche,Chad,"Abeche, Chad"
AEP,"Buenos Aires, Jorge Newbery",Argentina,"Buenos Aires, Jorge Newbery, Argentina"
AER,Adler/Sochi,Russia,"Adler/Sochi, Russia"
AES,Alesund,Norway,"Alesund, Norway"
AGA,Agadir,Morocco,"Agadir, Morocco"
AGB,Augsburg,Germany,"Augsburg, Germany"
AGP,Malaga,Spain,"Malaga, Spain"
AGS,"Augusta, GA",USA,"Augusta, GA, USA"
AGU,Aguascaliente,Mexico,"Aguascaliente, Mexico"
AGZ,Aggeneys,South Africa,"Aggeneys, South Africa"
AHB,Khamis Mushayat,Saudi Arabia,"Khamis Mushayat, Saudi Arabia"
AHN,"Athens, GA",USA,"Athens, GA, USA"
AHO,Alghero Sassari,Italy,"Alghero Sassari, Italy"
AHU,Al Hoceima,Morocco,"Al Hoceima, Morocco"
AJA,Ajaccio,France,"Ajaccio, France"
AJN,Anjouan,Comoros (Comores),"Anjouan, Comoros (Comores)"
AJU,Aracaju,Brazil,"Aracaju, Brazil"
AJY,Agades,Niger,"Agades, Niger"
AKL,Auckland,New Zealand,"Auckland, New Zealand"
AKN,"King Salomon, AK",USA,"King Salomon, AK, USA"
AKT,Akrotiri RAF,Cyprus,"Akrotiri RAF, Cyprus"
ALA,Alma Ata,Kazakhstan,"Alma Ata, Kazakhstan"
ALB,"Albany, NY",USA,"Albany, NY, USA"
ALC,Alicante,Spain,"Alicante, Spain"
ALF,Alta,Norway,"Alta, Norway"
ALG,Algiers,Algeria,"Algiers, Algeria"
ALH,Albany,Australia,"Albany, Australia"
ALJ,Alexander Bay,South Africa,"Alexander Bay, South Africa"
ALO,"Waterloo, IA",USA,"Waterloo, IA, USA"
ALP,Aleppo,Syria,"Aleppo, Syria"
ALV,Andorra La Vella H/P,Andorra,"Andorra La Vella H/P, Andorra"
ALW,"Walla Walla, WA",USA,"Walla Walla, WA, USA"
ALY,"Alexandria, El Nhouza ",Egypt,"Alexandria, El Nhouza , Egypt"
AMA,"Amarillo, TX",USA,"Amarillo, TX, USA"
AMD,Ahmedabad,India,"Ahmedabad, India"
AMM,"Amman, Queen Alia Intl",Jordan,"Amman, Queen Alia Intl, Jordan"
AMS,"Amsterdam, Schiphol",Netherlands,"Amsterdam, Schiphol, Netherlands"
ANB,"Anniston, AL",USA,"Anniston, AL, USA"
ANC,"Anchorage, AK",USA,"Anchorage, AK, USA"
ANK,Ankara,Turkey,"Ankara, Turkey"
ANR,Antwerp,Belgium,"Antwerp, Belgium"
ANU,Antigua,Antigua,"Antigua, Antigua"
AOI,Ancona,Italy,"Ancona, Italy"
AOJ,Aomori,Japan,"Aomori, Japan"
AOK,Karpathos,Greece,"Karpathos, Greece"
AOO,"Altoona, PA",USA,"Altoona, PA, USA"
APF,"Naples, FL",USA,"Naples, FL, USA"
APW,Apia,Samoa,"Apia, Samoa"
AQJ,Aqaba,Jordan,"Aqaba, Jordan"
ARB,"Ann Arbor, MI",USA,"Ann Arbor, MI, USA"
ARH,Arkhangelsk,Russian Federation,"Arkhangelsk, Russian Federation"
ARK,Arusha,Tanzania,"Arusha, Tanzania"
ARN,Stockholm Arlanda,Sweden,"Stockholm Arlanda, Sweden"
ASB,"Ashgabat, Ashkhabat",Turkmenistan,"Ashgabat, Ashkhabat, Turkmenistan"
ASE,"Aspen Snowmass, CO",USA,"Aspen Snowmass, CO, USA"
ASJ,Amami,Japan,"Amami, Japan"
ASK,Yamoussoukro,Côte d'Ivoire (Ivory Coast),"Yamoussoukro, Côte d'Ivoire (Ivory Coast)"
ASP,Alice Springs,Australia,"Alice Springs, Australia"
ASU,Asuncion,Paraguay,"Asuncion, Paraguay"
ASW,"Aswan, Daraw ",Egypt,"Aswan, Daraw , Egypt"
ATH,Athens,Greece,"Athens, Greece"
ATL,"Atlanta, Hartsfield Atlanta International ",USA,"Atlanta, Hartsfield Atlanta International , USA"
ATO,"Athens, OH",USA,"Athens, OH, USA"
ATQ,Amritsar,India,"Amritsar, India"
ATW,"Appelton/Neenah/Menasha, WI",USA,"Appelton/Neenah/Menasha, WI, USA"
ATY,"Watertown, SD",USA,"Watertown, SD, USA"
ATZ,Assiut,Egypt,"Assiut, Egypt"
AUA,Aruba,Aruba,"Aruba, Aruba"
AUE,Abu Rudeis,Egypt,"Abu Rudeis, Egypt"
AUG,"Augusta, ME",USA,"Augusta, ME, USA"
AUH,Abu Dhabi,UAE,"Abu Dhabi, UAE"
AUR,Aurillac,France,"Aurillac, France"
AUS,"Austin, TX",USA,"Austin, TX, USA"
AVL,"Asheville, NC",USA,"Asheville, NC, USA"
AVP,"Wilkes Barre/Scranton, PA",USA,"Wilkes Barre/Scranton, PA, USA"
AXA,Anguilla,Anguilla,"Anguilla, Anguilla"
AXS,Armenia,Colombia,"Armenia, Colombia"
AXT,Akita,Japan,"Akita, Japan"
AYQ,Ayers Rock,Australia,"Ayers Rock, Australia"
AYR,Ayr,Australia,"Ayr, Australia"
AYT,Antalya,Turkey,"Antalya, Turkey"
AZO,"Kalamazoo/Battle Creek, MI",USA,"Kalamazoo/Battle Creek, MI, USA"
BAH,Bahrain,Bahrain,"Bahrain, Bahrain"
BAK,Baku,Azerbaijan,"Baku, Azerbaijan"
BAQ,Barranquilla,Colombia,"Barranquilla, Colombia"
BBI,Bhubaneswar,India,"Bhubaneswar, India"
BBT,Berberati,Central African Republic,"Berberati, Central African Republic"
BBY,Bambari,Central African Republic,"Bambari, Central African Republic"
BCN,Barcelona,Spain,"Barcelona, Spain"
BDA,Bermuda,Bermuda,"Bermuda, Bermuda"
BDB,Bundaberg,Australia,"Bundaberg, Australia"
BDL,"Hartford, CT/Springfield, MA",USA,"Hartford, CT/Springfield, MA, USA"
BDQ,Baronda,India,"Baronda, India"
BDR,"Bridgeport, CT",USA,"Bridgeport, CT, USA"
BDS,Brindisi,Italy,"Brindisi, Italy"
BDU,Bardufoss,Norway,"Bardufoss, Norway"
BEG,Belgrad (Beograd),Yugoslavia,"Belgrad (Beograd), Yugoslavia"
BEH,"Benton Harbour, MI",USA,"Benton Harbour, MI, USA"
BEL,Belem,Brazil,"Belem, Brazil"
BEN,Bengasi,Libya,"Bengasi, Libya"
BEO,Newcastle Belmont,Australia,"Newcastle Belmont, Australia"
BER,Berlin,Germany,"Berlin, Germany"
BES,Brest,France,"Brest, France"
BET,"Bethel, AK",USA,"Bethel, AK, USA"
BEW,Beira,Mozambique,"Beira, Mozambique"
BEY,Beirut,Lebanon,"Beirut, Lebanon"
BFD,"Bradford/Warren, PA/Olean, NY",USA,"Bradford/Warren, PA/Olean, NY, USA"
BFL,"Bakersfield, CA",USA,"Bakersfield, CA, USA"
BFN,Bloemfontein,South Africa,"Bloemfontein, South Africa"
BFO,Buffalo Range,Zimbabwe,"Buffalo Range, Zimbabwe"
BFS,Belfast International,United Kingdom,"Belfast International, United Kingdom"
BGA,Bucaramanga,Colombia,"Bucaramanga, Colombia"
BGF,Bangui,Central African Republic,"Bangui, Central African Republic"
BGI,"Bridgetown, Grantley Adams International",Barbados,"Bridgetown, Grantley Adams International, Barbados"
BGO,Bergen,Norway,"Bergen, Norway"
BGR,"Bangor, ME",USA,"Bangor, ME, USA"
BGU,Bangassou,Central African Republic,"Bangassou, Central African Republic"
BGW,"Bagdad, Al Muthana",Iraq,"Bagdad, Al Muthana, Iraq"
BGY,Bergamo,Italy,"Bergamo, Italy"
BHC,"Bullhead City, NV",USA,"Bullhead City, NV, USA"
BHD,Belfast Harbour,United Kingdom,"Belfast Harbour, United Kingdom"
BHE,Blenheim,New Zealand,"Blenheim, New Zealand"
BHM,"Birmingham, AL",USA,"Birmingham, AL, USA"
BHO,Bhopal,India,"Bhopal, India"
BHQ,Broken Hill,Australia,"Broken Hill, Australia"
BHV,Bahawalpur,Pakistan,"Bahawalpur, Pakistan"
BHX,Birmingham,United Kingdom,"Birmingham, United Kingdom"
BIA,Bastia,France,"Bastia, France"
BIL,"Billings, MT",USA,"Billings, MT, USA"
BIO,Bilbao,Spain,"Bilbao, Spain"
BIQ,Biarritz,France,"Biarritz, France"
BIS,"Bismarck/Mandan, ND",USA,"Bismarck/Mandan, ND, USA"
BIV,Bria,Central African Republic,"Bria, Central African Republic"
BJI,"Bemidji, MN",USA,"Bemidji, MN, USA"
BJL,Banjul,Gambia,"Banjul, Gambia"
BJM,Bujumbura,Burundi,"Bujumbura, Burundi"
BJX,Leon,Mexico,"Leon, Mexico"
BJZ,Badajoz,Spain,"Badajoz, Spain"
BKI,Kota Kinabalu,Malaysia,"Kota Kinabalu, Malaysia"
BKK,Bangkok,Thailand,"Bangkok, Thailand"
BKL,"Cleveland, Burke Lakefront, OH",USA,"Cleveland, Burke Lakefront, OH, USA"
BKO,Bamako,Mali,"Bamako, Mali"
BKW,"Beckley, WV",USA,"Beckley, WV, USA"
BKX,"Brookings, SD",USA,"Brookings, SD, USA"
BLA,Barcelona,Venezuela,"Barcelona, Venezuela"
BLF,"Bluefield, WV",USA,"Bluefield, WV, USA"
BLI,"Bellingham, WA",USA,"Bellingham, WA, USA"
BLL,Billund,Denmark,"Billund, Denmark"
BLQ,Bologna,Italy,"Bologna, Italy"
BLR,Bangalore,India,"Bangalore, India"
BLT,Blackwater,Australia,"Blackwater, Australia"
BLZ,Blantyre,Malawi,"Blantyre, Malawi"
BMA,Stockholm Bromma,Sweden,"Stockholm Bromma, Sweden"
BME,Broome,Australia,"Broome, Australia"
BMG,"Bloomington, IN",USA,"Bloomington, IN, USA"
BMI,"Bloomington, IL",USA,"Bloomington, IL, USA"
BMP,Brampton Island,Australia,"Brampton Island, Australia"
BNA,"Nashville, TN",USA,"Nashville, TN, USA"
BNE,Brisbane,Australia,"Brisbane, Australia"
BNK,Ballina,Australia,"Ballina, Australia"
BNN,Broennoeysund,Norway,"Broennoeysund, Norway"
BNP,Bannu,Pakistan,"Bannu, Pakistan"
BOB,Bora Bora,French Polynesia,"Bora Bora, French Polynesia"
BOD,Bordeaux,France,"Bordeaux, France"
BOG,Bogota,Colombia,"Bogota, Colombia"
BOI,"Boise, ID",USA,"Boise, ID, USA"
BOJ,Bourgas/Burgas,Bulgaria,"Bourgas/Burgas, Bulgaria"
BOM,Bombay,India,"Bombay, India"
BON,Bonaire,Netherlands Antilles,"Bonaire, Netherlands Antilles"
BOO,Bodo,Norway,"Bodo, Norway"
BOS,"Boston Logan International, MA",USA,"Boston Logan International, MA, USA"
BOY,Bobo/Dioulasso,Burkina Faso,"Bobo/Dioulasso, Burkina Faso"
BPT,"Beaumont/Pt. Arthur, TX",USA,"Beaumont/Pt. Arthur, TX, USA"
BQK,"Brunswick, GA",USA,"Brunswick, GA, USA"
BQN,Aguadilla,Puerto Rico,"Aguadilla, Puerto Rico"
BRC,San Carlos de Bariloche,Argentina,"San Carlos de Bariloche, Argentina"
BRD,"Brainerd, MN",USA,"Brainerd, MN, USA"
BRE,Bremen,Germany,"Bremen, Germany"
BRI,Bari,Italy,"Bari, Italy"
BRL,"Burlington, IA",USA,"Burlington, IA, USA"
BRN,Bern,Switzerland,"Bern, Switzerland"
BRS,Bristol,United Kingdom,"Bristol, United Kingdom"
BRU,Brussels,Belgium,"Brussels, Belgium"
BSB,Brasilia,Brazil,"Brasilia, Brazil"
BSL,Basel,Switzerland,"Basel, Switzerland"
BSR,"Basra, Basrah",Iraq,"Basra, Basrah, Iraq"
BTM,"Butte, MT",USA,"Butte, MT, USA"
BTR,"Baton Rouge, La",USA,"Baton Rouge, La, USA"
BTS,Bratislava,Slovakia,"Bratislava, Slovakia"
BTU,Bintulu,Malaysia,"Bintulu, Malaysia"
BTV,"Burlington, VT",USA,"Burlington, VT, USA"
BUD,"Budapest, Ferihegy",Hungary,"Budapest, Ferihegy, Hungary"
BUE,Buenos Aires,Argentina,"Buenos Aires, Argentina"
BUF,"Buffalo/Niagara Falls, NY",USA,"Buffalo/Niagara Falls, NY, USA"
BUG,Bengueka,Angola,"Bengueka, Angola"
BUH,Bucharest,Romania,"Bucharest, Romania"
BUQ,Bulawayo,Zimbabwe,"Bulawayo, Zimbabwe"
BUR,"Burbank, CA",USA,"Burbank, CA, USA"
BVB,Boa Vista,Brazil,"Boa Vista, Brazil"
BWI,Baltimore Washington International ; MD,USA,"Baltimore Washington International ; MD, USA"
BWN,Bandar Seri Begawan,Brunei,"Bandar Seri Begawan, Brunei"
BWT,Burnie (Wynyard),Australia,"Burnie (Wynyard), Australia"
BXO,Bissau,Guinea Bissau,"Bissau, Guinea Bissau"
BXS,"Borrego Springs, CA",USA,"Borrego Springs, CA, USA"
BYK,Bouake,Ivory Coast,"Bouake, Ivory Coast"
BYU,Bayreuth,Germany,"Bayreuth, Germany"
BZE,Belize City,Belize,"Belize City, Belize"
BZL,Barisal,Bangladesh,"Barisal, Bangladesh"
BZN,"Bozeman, MT",USA,"Bozeman, MT, USA"
BZV,Brazzaville,Congo,"Brazzaville, Congo"
CAB,Cabinda,Angola,"Cabinda, Angola"
CAE,"Columbia, SC",USA,"Columbia, SC, USA"
CAG,Cagliari,Italy,"Cagliari, Italy"
CAI,Cairo International,Egypt,"Cairo International, Egypt"
CAK,"Akron-Canton, OH",USA,"Akron-Canton, OH, USA"
CAN,Guangzhou Baiyun International,"Guangdong, China","Guangzhou Baiyun International, Guangdong, China"
CAS,Casablanca,Morocco,"Casablanca, Morocco"
CAY,Cayenne,French Guayana,"Cayenne, French Guayana"
CBB,Cochabamba,Bolivia,"Cochabamba, Bolivia"
CBG,Cambrigde,United Kingdom,"Cambrigde, United Kingdom"
CBR,Canberra,Australia,"Canberra, Australia"
CBU,Cebu,Philippines,"Cebu, Philippines"
CCJ,Calicut,India,"Calicut, India"
CCR,"Concord, CA",USA,"Concord, CA, USA"
CCS,Caracas,Venezuela,"Caracas, Venezuela"
CCU,Calcutta (Kolkata) Netaji Subhas Chandra,India,"Calcutta (Kolkata) Netaji Subhas Chandra, India"
CCZ,Chub Cay,Bahamas,"Chub Cay, Bahamas"
CDC,"Cedar City, UT",USA,"Cedar City, UT, USA"
CDG,Paris Charles de Gaulle,France,"Paris Charles de Gaulle, France"
CDV,"Cordova, AK",USA,"Cordova, AK, USA"
CEC,"Crescent City, CA",USA,"Crescent City, CA, USA"
CED,Ceduna,Australia,"Ceduna, Australia"
CEN,Ciudad Obregon,Mexico,"Ciudad Obregon, Mexico"
CES,Cessnock,Australia,"Cessnock, Australia"
CFE,Clermont Ferrand,France,"Clermont Ferrand, France"
CFG,Cienfuegos,Canada,"Cienfuegos, Canada"
CFS,Coffs Harbour,Australia,"Coffs Harbour, Australia"
CFU,Corfu,Greece,"Corfu, Greece"
CGA,"Craig, AK",USA,"Craig, AK, USA"
CGB,Cuiaba,Brazil,"Cuiaba, Brazil"
CGH,Sao Paulo Congonhas,Brazil,"Sao Paulo Congonhas, Brazil"
CGK,Jakarta Soekarno-Hatta,Indonesia,"Jakarta Soekarno-Hatta, Indonesia"
CGN,"Köln, Köln/Bonn",Germany,"Köln, Köln/Bonn, Germany"
CGP,Chittagong,Bangladesh,"Chittagong, Bangladesh"
CGQ,Changchun,"Jilin, China","Changchun, Jilin, China"
CGR,Campo Grande,Brazil,"Campo Grande, Brazil"
CHA,"Chattanooga, TN",USA,"Chattanooga, TN, USA"
CHC,Christchurch,New Zealand,"Christchurch, New Zealand"
CHO,"Charlottesville, VA",USA,"Charlottesville, VA, USA"
CHQ,Chania,Greece,"Chania, Greece"
CHS,"Charleston, SC",USA,"Charleston, SC, USA"
CIA,Rome Ciampino,Italy,"Rome Ciampino, Italy"
CIC,"Chico, CA",USA,"Chico, CA, USA"
CID,"Cedar Rapids, IA",USA,"Cedar Rapids, IA, USA"
CIP,Chipata,Zambia,"Chipata, Zambia"
CJB,Coimbatore,India,"Coimbatore, India"
CJL,Chitral,Pakistan,"Chitral, Pakistan"
CJS,Ciudad Juarez,Mexico,"Ciudad Juarez, Mexico"
CKB,"Clarksburg, WV",USA,"Clarksburg, WV, USA"
CKG,Chongqing,"Sichuan, China","Chongqing, Sichuan, China"
CKY,Conakry,Guinea,"Conakry, Guinea"
CLD,"Carlsbad, CA",USA,"Carlsbad, CA, USA"
CLE,"Cleveland, Hopkins, OH",USA,"Cleveland, Hopkins, OH, USA"
CLL,"College Station/Bryan, TX",USA,"College Station/Bryan, TX, USA"
CLM,"Port Angeles, WA",USA,"Port Angeles, WA, USA"
CLO,Cali,Colombia,"Cali, Colombia"
CLQ,Colima,Mexico,"Colima, Mexico"
CLT,"Charlotte, NC",USA,"Charlotte, NC, USA"
CLY,Calvi,France,"Calvi, France"
CMB,Colombo,Sri Lanka,"Colombo, Sri Lanka"
CME,Ciudad Del Carmen,Mexico,"Ciudad Del Carmen, Mexico"
CMF,Chambery,France,"Chambery, France"
CMH,"Columbus, OH",USA,"Columbus, OH, USA"
CMI,"Champaign, IL",USA,"Champaign, IL, USA"
CMN,"Casablanca, Mohamed V",Morocco,"Casablanca, Mohamed V, Morocco"
CMQ,Clermont,Australia,"Clermont, Australia"
CMX,"Hancock, MI",USA,"Hancock, MI, USA"
CND,Constanza,Romania,"Constanza, Romania"
CNF,Belo Horizonte,Brazil,"Belo Horizonte, Brazil"
CNS,Cairns,Australia,"Cairns, Australia"
CNX,Chiang Mai,Thailand,"Chiang Mai, Thailand"
COD,"Cody/Powell/Yellowstone, WY",USA,"Cody/Powell/Yellowstone, WY, USA"
COK,Cochin,India,"Cochin, India"
COO,Cotonou,Benin,"Cotonou, Benin"
COR,Cordoba,Argentina,"Cordoba, Argentina"
COS,"Colorado Springs, CO",USA,"Colorado Springs, CO, USA"
CPD,Coober Pedy,Australia,"Coober Pedy, Australia"
CPH,Copenhagen,Denmark,"Copenhagen, Denmark"
CPR,"Casper, WY",USA,"Casper, WY, USA"
CPT,Cape Town,South Africa,"Cape Town, South Africa"
CRF,Carnot,Central African Republic,"Carnot, Central African Republic"
CRP,"Corpus Christi, TX",USA,"Corpus Christi, TX, USA"
CRW,"Charleston, WV",USA,"Charleston, WV, USA"
CSG,"Columbus, GA",USA,"Columbus, GA, USA"
CSI,Casino,Australia,"Casino, Australia"
CTA,Catania,Italy,"Catania, Italy"
CTG,Catagena,Colombia,"Catagena, Colombia"
CTN,Cooktown,Australia,"Cooktown, Australia"
CTS,Sapporo Shin-Chitose ,Japan,"Sapporo Shin-Chitose , Japan"
CTU,Chengdu,"Sichuan, China","Chengdu, Sichuan, China"
CUL,Culiacan,Mexico,"Culiacan, Mexico"
CUN,Cancun,Mexico,"Cancun, Mexico"
CUR,Curacao,Netherlands Antilles,"Curacao, Netherlands Antilles"
CUU,"Chihuahua, Gen Fierro Villalobos",Mexico,"Chihuahua, Gen Fierro Villalobos, Mexico"
CUZ,Cusco Alejandro Velasco Astete International,Peru,"Cusco Alejandro Velasco Astete International, Peru"
CVG,"Cincinnati, OH",USA,"Cincinnati, OH, USA"
CVM,Ciudad Victoria,Mexico,"Ciudad Victoria, Mexico"
CVQ,Carnarvon,Australia,"Carnarvon, Australia"
CWA,"Wausau/Stevens Point, WI",USA,"Wausau/Stevens Point, WI, USA"
CWB,Curitiba,Brazil,"Curitiba, Brazil"
CWL,Cardiff,United Kingdom,"Cardiff, United Kingdom"
CXI,Christmas Line,Iceland,"Christmas Line, Iceland"
CXT,Charters Towers,Australia,"Charters Towers, Australia"
CYS,"Cheyenne, WY",USA,"Cheyenne, WY, USA"
CZA,Chichen Itza,Mexico,"Chichen Itza, Mexico"
CZL,Constantine,Algeria,"Constantine, Algeria"
CZM,Cozmel,Mexico,"Cozmel, Mexico"
DAB,"Daytona Beach, FL",USA,"Daytona Beach, FL, USA"
DAC,Dhaka,Bangladesh,"Dhaka, Bangladesh"
DAL,"Dallas Love Field, TX",USA,"Dallas Love Field, TX, USA"
DAM,"Damascus, International",Syria,"Damascus, International, Syria"
DAN,"Danville, VA",USA,"Danville, VA, USA"
DAR,Dar es Salam (Daressalam),Tanzania,"Dar es Salam (Daressalam), Tanzania"
DAY,"Dayton, OH",USA,"Dayton, OH, USA"
DBO,Dubbo,Australia,"Dubbo, Australia"
DBQ,"Dubuque, IA",USA,"Dubuque, IA, USA"
DBV,Dubrovnik,Croatia,"Dubrovnik, Croatia"
DBY,Dalby,Australia,"Dalby, Australia"
DCA,Washington DC Ronald Reagan National,USA,"Washington DC Ronald Reagan National, USA"
DCS,"Sheffield, Doncaster, Robin Hood International ",UK,"Sheffield, Doncaster, Robin Hood International , UK"
DDI,Daydream Island,Australia,"Daydream Island, Australia"
DEC,"Decatur, IL",USA,"Decatur, IL, USA"
DEL,"Delhi, Indira Gandhi",India,"Delhi, Indira Gandhi, India"
DEN,"Denver International, CO",USA,"Denver International, CO, USA"
DET,"Detroit City, MI",USA,"Detroit City, MI, USA"
DFW,"Dallas/Ft. Worth, TX",USA,"Dallas/Ft. Worth, TX, USA"
DGM,Dongguan,"Guangdong, China","Dongguan, Guangdong, China"
DHA,Dhahran,Saudi Arabia,"Dhahran, Saudi Arabia"
DHN,"Dothan, AL",USA,"Dothan, AL, USA"
DJE,Djerba,Tunisia,"Djerba, Tunisia"
DJO,Daloa,Ivory Coast,"Daloa, Ivory Coast"
DKI,Dunk Iceland,Australia,"Dunk Iceland, Australia"
DKR,Dakar,Senegal,"Dakar, Senegal"
DLA,Douala,Cameroon,"Douala, Cameroon"
DLC,Dalian,"Liaoning, China","Dalian, Liaoning, China"
DLG,"Dillingham, AK",USA,"Dillingham, AK, USA"
DLH,"Duluth, MN/Superior, WI",USA,"Duluth, MN/Superior, WI, USA"
DLM,Dalaman,Turkey,"Dalaman, Turkey"
DME,Moscow Domodedovo,Russia,"Moscow Domodedovo, Russia"
DMM,"Dammam, King Fahad International",Saudi Arabien,"Dammam, King Fahad International, Saudi Arabien"
DNR,Dinard,France,"Dinard, France"
DOH,Doha,Qatar,"Doha, Qatar"
DPO,Devonport,Australia,"Devonport, Australia"
DPS,Denpasar/Bali,Indonesia,"Denpasar/Bali, Indonesia"
DRB,Derby,Australia,"Derby, Australia"
DRO,"Durango, CO",USA,"Durango, CO, USA"
DRS,Dresden,Germany,"Dresden, Germany"
DRW,Darwin,Australia,"Darwin, Australia"
DSK,Dera Ismail Khan,Pakistan,"Dera Ismail Khan, Pakistan"
DSM,"Des Moines, IA",USA,"Des Moines, IA, USA"
DTM,Dortmund,Germany,"Dortmund, Germany"
DTT,"Detroit Metropolitan Area, MI",USA,"Detroit Metropolitan Area, MI, USA"
DTW,"Detroit Metropolitan Wayne County, MI",USA,"Detroit Metropolitan Wayne County, MI, USA"
DUB,Dublin,Ireland,"Dublin, Ireland"
DUD,Dunedin,New Zealand,"Dunedin, New Zealand"
DUJ,"Dubois, PA",USA,"Dubois, PA, USA"
DUR,Durban,South Africa,"Durban, South Africa"
DUS,Duesseldorf,Germany,"Duesseldorf, Germany"
DUT,"Dutch Harbor, AK",USA,"Dutch Harbor, AK, USA"
DVL,"Devils Lake, ND",USA,"Devils Lake, ND, USA"
DXB,Dubai,UAE,"Dubai, UAE"
DYA,Dysart,Australia,"Dysart, Australia"
DYU,Dushanbe,Tajikistan,"Dushanbe, Tajikistan"
DZA,Dzaoudzi,Mayotte,"Dzaoudzi, Mayotte"
EAP,Basel/Mulhouse,Switzerland/France,"Basel/Mulhouse, Switzerland/France"
EAS,San Sebastian,Spain,"San Sebastian, Spain"
EAT,"Wenatchee, WA",USA,"Wenatchee, WA, USA"
EAU,"Eau Clarie, WI",USA,"Eau Clarie, WI, USA"
EBB,Entebbe,Uganda,"Entebbe, Uganda"
EBJ,Esbjerg,Denmark,"Esbjerg, Denmark"
EBU,St. Etienne,France,"St. Etienne, France"
EDI,Edinburgh,United Kingdom,"Edinburgh, United Kingdom"
EDR,Emerald,Australia,"Emerald, Australia"
EGE,"Vail, CO",USA,"Vail, CO, USA"
EGS,Egilsstadir,Iceland,"Egilsstadir, Iceland"
EIN,Eindhoven,Netherlands,"Eindhoven, Netherlands"
EIS,Beef Island,"Virgin Islands, British","Beef Island, Virgin Islands, British"
EKI,"Elkhart, IN",USA,"Elkhart, IN, USA"
EKO,"Elko, NV",USA,"Elko, NV, USA"
ELH,North Eleuthera,Bahamas,"North Eleuthera, Bahamas"
ELL,Ellisras,South Africa,"Ellisras, South Africa"
ELM,"Elmira, NY",USA,"Elmira, NY, USA"
ELP,"El Paso, TX",USA,"El Paso, TX, USA"
ELS,East London,South Africa,"East London, South Africa"
ELY,"Ely, NV",USA,"Ely, NV, USA"
EMA,Derby (East Midlands),United Kingdom,"Derby (East Midlands), United Kingdom"
EMD,Emerald,Australia,"Emerald, Australia"
EMY,El Minya,Egypt,"El Minya, Egypt"
ENA,"Kenai, AK",USA,"Kenai, AK, USA"
ENC,Nancy,France,"Nancy, France"
ENF,Enontekioe,Finland,"Enontekioe, Finland"
EPR,Esperance,Australia,"Esperance, Australia"
ERF,Erfurt,Germany,"Erfurt, Germany"
ERI,"Erie, PA",USA,"Erie, PA, USA"
ERS,Windhoek Eros,Namibia,"Windhoek Eros, Namibia"
ESC,"Escabana, MI",USA,"Escabana, MI, USA"
ESF,"Alexandria, La",USA,"Alexandria, La, USA"
ETH,Elat,Israel,"Elat, Israel"
EUG,"Eugene, OR",USA,"Eugene, OR, USA"
EVE,Evenes,Norway,"Evenes, Norway"
EVN,"Eriwan (Yerevan, Jerevan)",Armenia,"Eriwan (Yerevan, Jerevan), Armenia"
EVV,"Evansville, IN",USA,"Evansville, IN, USA"
EWN,"New Bern, NC",USA,"New Bern, NC, USA"
EWR,"New York Newark, NJ",USA,"New York Newark, NJ, USA"
EYW,"Key West, FL",USA,"Key West, FL, USA"
EZE,"Buenos Aires, Ezeiza International ",Argentina,"Buenos Aires, Ezeiza International , Argentina"
FAE,Faroer,Denmark,"Faroer, Denmark"
FAI,"Fairbanks, AK",USA,"Fairbanks, AK, USA"
FAO,Faro,Portugal,"Faro, Portugal"
FAR,"Fargo, ND, MN",USA,"Fargo, ND, MN, USA"
FAT,"Fresno, CA",USA,"Fresno, CA, USA"
FAY,"Fayetteville/Ft. Bragg, NC",USA,"Fayetteville/Ft. Bragg, NC, USA"
FBM,Lumbumbashi,Zaire,"Lumbumbashi, Zaire"
FBU,Oslo Fornebu,Norway,"Oslo Fornebu, Norway"
FCA,"Kalispell, MT",USA,"Kalispell, MT, USA"
FCO,Rome Fuimicino,Italy,"Rome Fuimicino, Italy"
FDF,Fort de France,Martinique,"Fort de France, Martinique"
FDH,Friedrichshafen,Germany,"Friedrichshafen, Germany"
FEZ,Fes,Morocco,"Fes, Morocco"
FHU,"Fort Huachuca/Sierra Vista, AZ",USA,"Fort Huachuca/Sierra Vista, AZ, USA"
FIH,Kinshasa N'Djili,Congo (Zaire),"Kinshasa N'Djili, Congo (Zaire)"
FJR,Alfujairah (Fujairah),UAE,"Alfujairah (Fujairah), UAE"
FKB,Karlsruhe-Baden Soellingen,Germany,"Karlsruhe-Baden Soellingen, Germany"
FKI,Kisangani,Zaire,"Kisangani, Zaire"
FKL,"Franklin/Oil City, PA",USA,"Franklin/Oil City, PA, USA"
FKS,Fukushima ,Japan,"Fukushima , Japan"
FLG,"Flagstaff, AZ",USA,"Flagstaff, AZ, USA"
FLL,"Fort Lauderdale/Hollywood, FL",USA,"Fort Lauderdale/Hollywood, FL, USA"
FLN,Florianopolis,Brazil,"Florianopolis, Brazil"
FLO,"Florence, SC",USA,"Florence, SC, USA"
FLR,Florence,Italy,"Florence, Italy"
FMN,"Farmington, NM",USA,"Farmington, NM, USA"
FMO,Muenster/Osnabrück,Germany,"Muenster/Osnabrück, Germany"
FMY,"Fort Myers, Metropolitan Area, FL",USA,"Fort Myers, Metropolitan Area, FL, USA"
FNA,Freetown,Sierra Leone,"Freetown, Sierra Leone"
FNC,Funchal,Portugal,"Funchal, Portugal"
FNI,Nimes,France,"Nimes, France"
FNJ,Pyongyang Sunan,Democratic People's Republic of Korea,"Pyongyang Sunan, Democratic People's Republic of Korea"
FNT,"Flint, MI",USA,"Flint, MI, USA"
FOD,"Fort Dodge, IA",USA,"Fort Dodge, IA, USA"
FOR,Fortaleza,Brazil,"Fortaleza, Brazil"
FPO,Freeport,Bahamas,"Freeport, Bahamas"
FRA,Frankfurt/Main,Germany,"Frankfurt/Main, Germany"
FRJ,Frejus,France,"Frejus, France"
FRO,Floro,Norway,"Floro, Norway"
FRW,Francistown,Botswana,"Francistown, Botswana"
FSC,Figari,France,"Figari, France"
FSD,"Sioux Falls, SD",USA,"Sioux Falls, SD, USA"
FSM,"Fort Smith, AR",USA,"Fort Smith, AR, USA"
FSP,"St. Pierre, NF",Canada,"St. Pierre, NF, Canada"
FUE,Fuerteventura,Spain,"Fuerteventura, Spain"
FUK,Fukuoka,Japan,"Fukuoka, Japan"
FUT,Futuna,Wallis and Futuna Islands,"Futuna, Wallis and Futuna Islands"
FWA,"Fort Wayne, IN",USA,"Fort Wayne, IN, USA"
FYV,"Fayetteville, AR",USA,"Fayetteville, AR, USA"
GAD,"Gadsden, AL",USA,"Gadsden, AL, USA"
GAJ,"Yamagata, Junmachi",Japan,"Yamagata, Junmachi, Japan"
GAU,Guwahati,India,"Guwahati, India"
GBE,Gaborone,Botswana,"Gaborone, Botswana"
GBI,Grand Bahama,Bahamas,"Grand Bahama, Bahamas"
GCC,"Gilette, WY",USA,"Gilette, WY, USA"
GCI,Guernsey,United Kingdom,"Guernsey, United Kingdom"
GCM,Grand Cayman,Cayman Islands,"Grand Cayman, Cayman Islands"
GCN,"Grand Canyon, AZ",USA,"Grand Canyon, AZ, USA"
GDL,Guadalajara,Mexico,"Guadalajara, Mexico"
GDN,Gdansk,Poland,"Gdansk, Poland"
GDV,"Glendive, MT",USA,"Glendive, MT, USA"
GEG,"Spokane, WA",USA,"Spokane, WA, USA"
GEO,Georgetown,Guyana,"Georgetown, Guyana"
GET,Geraldton,Australia,"Geraldton, Australia"
GEX,Geelong,Australia,"Geelong, Australia"
GFF,Griffith,Australia,"Griffith, Australia"
GFK,"Grand Forks, ND",USA,"Grand Forks, ND, USA"
GGG,"Longview/Kilgore, TX",USA,"Longview/Kilgore, TX, USA"
GGW,"Glasgow, MT",USA,"Glasgow, MT, USA"
GHB,Govenors Harbour,Bahamas,"Govenors Harbour, Bahamas"
GIB,Gibraltar,Gibraltar,"Gibraltar, Gibraltar"
GIG,Rio de Janeiro Galeao,Brazil,"Rio de Janeiro Galeao, Brazil"
GIL,Gilgit,Pakistan,"Gilgit, Pakistan"
GJN,Jounieh,Lebanon,"Jounieh, Lebanon"
GJT,"Grand Junction, CO",USA,"Grand Junction, CO, USA"
GKL,Great Keppel Island,Australia,"Great Keppel Island, Australia"
GLA,Glasgow,United Kingdom,"Glasgow, United Kingdom"
GLH,"Greenville, MS",USA,"Greenville, MS, USA"
GLT,Gladstone,Australia,"Gladstone, Australia"
GMP,Seoul Gimpo,Korea,"Seoul Gimpo, Korea"
GNB,Grenoble,France,"Grenoble, France"
GND,Grenada,Grenada,"Grenada, Grenada"
GNV,"Gainesville, FL",USA,"Gainesville, FL, USA"
GOA,Genoa,Italy,"Genoa, Italy"
GOI,Goa,India,"Goa, India"
GON,"Groton/New London, CT",USA,"Groton/New London, CT, USA"
GOO,Goondiwindi,Australia,"Goondiwindi, Australia"
GOT,Göteborg,Sweden,"Göteborg, Sweden"
GOU,Garoua,Cameroon,"Garoua, Cameroon"
GOV,Gove (Nhulunbuy),Australia,"Gove (Nhulunbuy), Australia"
GOZ,Gorna,Bulgaria,"Gorna, Bulgaria"
GPA,Araxos,Greece,"Araxos, Greece"
GPT,"Gulfport/Biloxi, MS",USA,"Gulfport/Biloxi, MS, USA"
GPZ,"Grand Rapids, MN",USA,"Grand Rapids, MN, USA"
GRB,"Green Bay, WI",USA,"Green Bay, WI, USA"
GRJ,George,South Africa,"George, South Africa"
GRO,Gerona,Spain,"Gerona, Spain"
GRR,"Grand Rapids, MI",USA,"Grand Rapids, MI, USA"
GRU,Sao Paulo Guarulhos,Brazil,"Sao Paulo Guarulhos, Brazil"
GRX,Granada,Spain,"Granada, Spain"
GRZ,Graz,Austria,"Graz, Austria"
GSI,Guadalcanal,Solomon Islands,"Guadalcanal, Solomon Islands"
GSO,"Greensboro/Winston Salem, NC",USA,"Greensboro/Winston Salem, NC, USA"
GSP,"Greenville/Spartanburg, SC",USA,"Greenville/Spartanburg, SC, USA"
GTE,Groote Eyeland,Australia,"Groote Eyeland, Australia"
GTF,"Great Falls, MT",USA,"Great Falls, MT, USA"
GTI,Groote Eylandt,Australia,"Groote Eylandt, Australia"
GTN,Mount Cook,New Zealand,"Mount Cook, New Zealand"
GUA,Guatemala City,Guatemala,"Guatemala City, Guatemala"
GUC,"Gunnison/Crested Butte, CO",USA,"Gunnison/Crested Butte, CO, USA"
GUM,Guam,Guam,"Guam, Guam"
GVA,Geneva,Switzerland,"Geneva, Switzerland"
GWD,Gwadar,Pakistan,"Gwadar, Pakistan"
GWE,Gweru,Zimbabwe,"Gweru, Zimbabwe"
GWT,Westerland,Germany,"Westerland, Germany"
GWY,Galway,Ireland,"Galway, Ireland"
GYE,Guayaquil,Ecuador,"Guayaquil, Ecuador"
GYN,Goiania,Brazil,"Goiania, Brazil"
GYP,Gympie,Australia,"Gympie, Australia"
HAC,Hachijo Jima,Japan,"Hachijo Jima, Japan"
HAG,Den Haag (The Hague),Netherlands,"Den Haag (The Hague), Netherlands"
HAH,Moroni Prince Said Ibrahim,Comoros (Comores),"Moroni Prince Said Ibrahim, Comoros (Comores)"
HAJ,Hannover,Germany,"Hannover, Germany"
HAM,Hamburg Fuhlsbuettel,Germany,"Hamburg Fuhlsbuettel, Germany"
HAN,Hanoi Noibai,Vietnam,"Hanoi Noibai, Vietnam"
HAP,Whitsunday Resort,Australia,"Whitsunday Resort, Australia"
HAR,"Harrisburg Skyport, PA",USA,"Harrisburg Skyport, PA, USA"
HAU,Haugesund,Norway,"Haugesund, Norway"
HAV,Havana José Martí International,Cuba,"Havana José Martí International, Cuba"
HBA,Hobart,Australia,"Hobart, Australia"
HBH,Borg El Arab ,Egypt,"Borg El Arab , Egypt"
HDD,Hyderabad,Pakistan,"Hyderabad, Pakistan"
HDN,"Steamboat Springs, CO",USA,"Steamboat Springs, CO, USA"
HDY,Hatyai,Thailand,"Hatyai, Thailand"
HEL,Helsinki Vantaa,Finland,"Helsinki Vantaa, Finland"
HER,Heraklion,Greece,"Heraklion, Greece"
HEW,"Athens, Hellinikon ",Greece,"Athens, Hellinikon , Greece"
HFA,Haifa,Israel,"Haifa, Israel"
HFT,Hammerfest,Norway,"Hammerfest, Norway"
HGH,Hangchow (Hangzhou),"Zhejiang, China","Hangchow (Hangzhou), Zhejiang, China"
HGO,Korhogo,Ivory Coast,"Korhogo, Ivory Coast"
HHH,"Hilton Head Island, SC",USA,"Hilton Head Island, SC, USA"
HIB,"Hibbing, MN",USA,"Hibbing, MN, USA"
HII,"Lake Havasu City, AZ",USA,"Lake Havasu City, AZ, USA"
HIJ,Hiroshima International,Japan,"Hiroshima International, Japan"
HIR,Honiara Henderson International,Solomon Islands,"Honiara Henderson International, Solomon Islands"
HIS,Hayman Island,Australia,"Hayman Island, Australia"
HKD,Hakodate,Japan,"Hakodate, Japan"
HKG,Hong Kong International,Hong Kong,"Hong Kong International, Hong Kong"
HKT,Phuket,Thailand,"Phuket, Thailand"
HKY,"Hickory, NC",USA,"Hickory, NC, USA"
HLA,Lanseria,South Africa,"Lanseria, South Africa"
HLN,"Helena, MT",USA,"Helena, MT, USA"
HLP,Jakarta Halim Perdanakusma,Indonesia,"Jakarta Halim Perdanakusma, Indonesia"
HLT,Hamilton,Australia,"Hamilton, Australia"
HMH,Home Hill,Australia,"Home Hill, Australia"
HMO,Hermosillo Gen. Pesqueira Garcia,Mexico,"Hermosillo Gen. Pesqueira Garcia, Mexico"
HNA,"Morioka, Hanamaki",Japan,"Morioka, Hanamaki, Japan"
HND,Tokyo International (Haneda),Japan,"Tokyo International (Haneda), Japan"
HNH,"Hoonah, AK",USA,"Hoonah, AK, USA"
HNK,Hinchinbrook Island,Australia,"Hinchinbrook Island, Australia"
HNL,"Honolulu, HI",USA,"Honolulu, HI, USA"
HNN,Frankfurt/Hahn,Germany,"Frankfurt/Hahn, Germany"
HNS,"Haines, AK",USA,"Haines, AK, USA"
HOG,Holguin,Cuba,"Holguin, Cuba"
HOM,"Homer, AK",USA,"Homer, AK, USA"
HON,"Huron, SD",USA,"Huron, SD, USA"
HOQ,Hof,Germany,"Hof, Germany"
HOR,Horta,Portugal,"Horta, Portugal"
HOU,"Houston, Hobby, TX",USA,"Houston, Hobby, TX, USA"
HPN,"White Plains, NY",USA,"White Plains, NY, USA"
HRB,Harbin (Haerbin),"Heilongjiang, China","Harbin (Haerbin), Heilongjiang, China"
HRE,Harare,Zimbabwe,"Harare, Zimbabwe"
HRG,Hurghada International,Egypt,"Hurghada International, Egypt"
HRL,"Harlington/South Padre Island, TX",USA,"Harlington/South Padre Island, TX, USA"
HSV,"Huntsville, AL",USA,"Huntsville, AL, USA"
HTA,Chita (Tschita),Russia,"Chita (Tschita), Russia"
HTI,Hamilton Island,Australia,"Hamilton Island, Australia"
HTS,"Huntington, OH",USA,"Huntington, OH, USA"
HUF,"Terre Haute, IN",USA,"Terre Haute, IN, USA"
HUH,Huahine,French Polynesia,"Huahine, French Polynesia"
HUI,Hue Phu Bai,Vietnam,"Hue Phu Bai, Vietnam"
HUX,Huatulco,Mexico,"Huatulco, Mexico"
HUY,Humberside,United Kingdom,"Humberside, United Kingdom"
HVB,Hervey Bay,Australia,"Hervey Bay, Australia"
HVN,"New Haven, CT",USA,"New Haven, CT, USA"
HVR,"Havre, MT",USA,"Havre, MT, USA"
HWN,Hwange National Park,Zimbabwe,"Hwange National Park, Zimbabwe"
HYA,"Hyannis, MA",USA,"Hyannis, MA, USA"
HYD,Hyderabad Begumpet,India,"Hyderabad Begumpet, India"
HYG,"Hydaburg, AK",USA,"Hydaburg, AK, USA"
IAD,Washington DC Dulles International,USA,"Washington DC Dulles International, USA"
IAG,Niagara Falls International,USA,"Niagara Falls International, USA"
IAH,"Houston, Intercontinental, TX",USA,"Houston, Intercontinental, TX, USA"
IBZ,Ibiza,Ibiza/Spain,"Ibiza, Ibiza/Spain"
ICN,Seoul Incheon International,Korea,"Seoul Incheon International, Korea"
ICT,"Wichita, KS",USA,"Wichita, KS, USA"
IDA,"Idaho Falls, ID",USA,"Idaho Falls, ID, USA"
IEV,Kiev Zhulhany,Ukraine,"Kiev Zhulhany, Ukraine"
IFL,Innisfail,Australia,"Innisfail, Australia"
IGH,Ingham,Australia,"Ingham, Australia"
IGR,"Iguazu, Cataratas",Argentina,"Iguazu, Cataratas, Argentina"
IKT,Irkutsk,Russia,"Irkutsk, Russia"
ILE,"Killeem, TX",USA,"Killeem, TX, USA"
ILI,"Iliamna, AK",USA,"Iliamna, AK, USA"
ILM,"Wilmington, NC",USA,"Wilmington, NC, USA"
ILP,Ile des Pins,New Caledonia,"Ile des Pins, New Caledonia"
IND,"Indianapolis, IN",USA,"Indianapolis, IN, USA"
INI,Nis,Yugoslavia,"Nis, Yugoslavia"
INL,"International Falls, MN",USA,"International Falls, MN, USA"
INN,Innsbruck Kranebitten,Austria,"Innsbruck Kranebitten, Austria"
INV,Inverness,United Kingdom,"Inverness, United Kingdom"
IOM,Isle of Man,United Kingdom,"Isle of Man, United Kingdom"
IOU,Ile Ouen,New Caledonia,"Ile Ouen, New Caledonia"
IPC,Easter Island,Chile,"Easter Island, Chile"
IPL,"Imperial, CA",USA,"Imperial, CA, USA"
IPT,"Williamsport, PA",USA,"Williamsport, PA, USA"
IQT,Iquitos,Peru,"Iquitos, Peru"
IRG,Lockhart River,Australia,"Lockhart River, Australia"
IRO,Biraro,Central African Republic,"Biraro, Central African Republic"
ISA,Mt. Isa,Australia,"Mt. Isa, Australia"
ISB,Islamabad Islamabad International,Pakistan,"Islamabad Islamabad International, Pakistan"
ISL,"Williston, ND",USA,"Williston, ND, USA"
ISO,"Kingston, NC",USA,"Kingston, NC, USA"
ISP,"Long Island, Islip MacArthur, NY",USA,"Long Island, Islip MacArthur, NY, USA"
IST,Istanbul Ataturk,Turkey,"Istanbul Ataturk, Turkey"
ITH,"Ithaca/Cortland, NY",USA,"Ithaca/Cortland, NY, USA"
ITM,Osaka Itami,Japan,"Osaka Itami, Japan"
ITO,"Hilo, HI",USA,"Hilo, HI, USA"
IVC,Invercargill,New Zealand,"Invercargill, New Zealand"
IVL,Ivalo,Finland,"Ivalo, Finland"
IXB,Bagdogra,India,"Bagdogra, India"
IXC,Chandigarh,India,"Chandigarh, India"
IXG,Belgaum,India,"Belgaum, India"
IXR,Ranchi,India,"Ranchi, India"
IXW,Jamshedpur Sonari,India,"Jamshedpur Sonari, India"
IYK,"Inykern, CA",USA,"Inykern, CA, USA"
IZM,Izmir,Turkey,"Izmir, Turkey"
JAC,"Jackson Hole, WY",USA,"Jackson Hole, WY, USA"
JAG,Jacobabad,Pakistan,"Jacobabad, Pakistan"
JAI,Jaipur Sanganeer,India,"Jaipur Sanganeer, India"
JAN,"Jackson, MS",USA,"Jackson, MS, USA"
JAX,"Jacksonville, FL",USA,"Jacksonville, FL, USA"
JCB,Joacaba,Brazil,"Joacaba, Brazil"
JED,Jeddah King Abdulaziz International,Saudi Arabia,"Jeddah King Abdulaziz International, Saudi Arabia"
JER,Jersey,United Kingdom,"Jersey, United Kingdom"
JFK,"New York John F. Kennedy, NY",USA,"New York John F. Kennedy, NY, USA"
JHB,Johore Bahru,Malaysia,"Johore Bahru, Malaysia"
JHE,Helsingborg,Sweden,"Helsingborg, Sweden"
JHM,"Kapalua West, HI",USA,"Kapalua West, HI, USA"
JHQ,Shute Harbour,Australia,"Shute Harbour, Australia"
JHW,"Jamestown, NY",USA,"Jamestown, NY, USA"
JIB,Djibouti,Djibouti,"Djibouti, Djibouti"
JIW,Jiwani,Pakistan,"Jiwani, Pakistan"
JKG,Joenkoeping,Sweden,"Joenkoeping, Sweden"
JKH,Chios,Greece,"Chios, Greece"
JKT,Jakarta Kemayoran,Indonesia,"Jakarta Kemayoran, Indonesia"
JLN,"Joplin, MO",USA,"Joplin, MO, USA"
JLR,Jalandhar,India,"Jalandhar, India"
JMK,Mykonos,Greece,"Mykonos, Greece"
JMS,"Jamestown, ND",USA,"Jamestown, ND, USA"
JNB,Johannesburg Johannesburg International,South Africa,"Johannesburg Johannesburg International, South Africa"
JNU,"Juneau, AK Juneau International",USA,"Juneau, AK Juneau International, USA"
JOE,Joensuu,Finland,"Joensuu, Finland"
JPA,Joao Pessoa Castro Pinto,Brazil,"Joao Pessoa Castro Pinto, Brazil"
JRO,Kilimadjaro,Tanzania,"Kilimadjaro, Tanzania"
JRS,Jerusalem,Israel,"Jerusalem, Israel"
JSI,Skiathos,Greece,"Skiathos, Greece"
JST,"Johnstown, PA",USA,"Johnstown, PA, USA"
JTR,Thira,Greece,"Thira, Greece"
JXN,"Jackson, MI",USA,"Jackson, MI, USA"
JYV,Jyvaeskylae,Finland,"Jyvaeskylae, Finland"
KAJ,Kajaani,Finland,"Kajaani, Finland"
KAN,Kano,Nigeria,"Kano, Nigeria"
KAO,Kuusamo,Finland,"Kuusamo, Finland"
KBL,Kabul Khwaja Rawash,Afghanistan,"Kabul Khwaja Rawash, Afghanistan"
KBP,Kiev Borispol,Ukraine,"Kiev Borispol, Ukraine"
KBY,Streaky Bay,Australia,"Streaky Bay, Australia"
KCC,"Coffmann Cove, AK",USA,"Coffmann Cove, AK, USA"
KCE,Collinsville,Australia,"Collinsville, Australia"
KCH,Kuching,Malaysia,"Kuching, Malaysia"
KCZ,Kochi,Japan,"Kochi, Japan"
KDD,Khuzdar,Pakistan,"Khuzdar, Pakistan"
KDU,Skardu,Pakistan,"Skardu, Pakistan"
KEF,Reykjavik Keflavik International,Iceland,"Reykjavik Keflavik International, Iceland"
KEL,Kiel Holtenau,Germany,"Kiel Holtenau, Germany"
KEM,Kemi/Tornio,Finland,"Kemi/Tornio, Finland"
KGC,Kingscote,Australia,"Kingscote, Australia"
KGI,Kalgoorlie,Australia,"Kalgoorlie, Australia"
KGL,Kigali Gregoire Kayibanda,Rwanda,"Kigali Gregoire Kayibanda, Rwanda"
KGS,Kos,Greece,"Kos, Greece"
KHH,Kaohsiung International,Taiwan,"Kaohsiung International, Taiwan"
KHI,Karachi Quaid-E-Azam International,Pakistan,"Karachi Quaid-E-Azam International, Pakistan"
KHJ,Kauhajoki,Finland,"Kauhajoki, Finland"
KHV,Chabarovsk (Khabarovsk),Russia,"Chabarovsk (Khabarovsk), Russia"
KID,Kristianstad,Sweden,"Kristianstad, Sweden"
KIJ,Niigata,Japan,"Niigata, Japan"
KIK,Kirkuk,Iraq,"Kirkuk, Iraq"
KIM,Kimberley,South Africa,"Kimberley, South Africa"
KIN,Kingston Norman Manley,Jamaica,"Kingston Norman Manley, Jamaica"
KIR,Kerry County,Ireland,"Kerry County, Ireland"
KIW,Kitwe,Zambia,"Kitwe, Zambia"
KIX,Osaka Kansai International,Japan,"Osaka Kansai International, Japan"
KKN,Kirkenes,Norway,"Kirkenes, Norway"
KLR,Kalmar,Sweden,"Kalmar, Sweden"
KLU,Klagenfurt,Austria,"Klagenfurt, Austria"
KLW,"Klawock, AK",USA,"Klawock, AK, USA"
KLX,Kalamata,Greece,"Kalamata, Greece"
KLZ,Kleinsee,South Africa,"Kleinsee, South Africa"
KMI,Miyazaki,Japan,"Miyazaki, Japan"
KMJ,Kumamoto,Japan,"Kumamoto, Japan"
KMP,Keetmanshoop,Namibia,"Keetmanshoop, Namibia"
KMQ,Komatsu,Japan,"Komatsu, Japan"
KNS,King Island,King Island,"King Island, King Island"
KNX,Kununurra,Australia,"Kununurra, Australia"
KOA,"Kona, HI",USA,"Kona, HI, USA"
KOI,Orkney,United Kingdom,"Orkney, United Kingdom"
KOJ,Kagoshima,Japan,"Kagoshima, Japan"
KOK,Kokkola/Pietarsaari,Finland,"Kokkola/Pietarsaari, Finland"
KRB,Karumba,Australia,"Karumba, Australia"
KRK,Krakau,Poland,"Krakau, Poland"
KRN,Kiruna,Sweden,"Kiruna, Sweden"
KRP,Karup,Denmark,"Karup, Denmark"
KRS,Kristiansand,Norway,"Kristiansand, Norway"
KRT,Khartoum,Sudan,"Khartoum, Sudan"
KSD,Karlstad,Sweden,"Karlstad, Sweden"
KSL,Kassala,Sudan,"Kassala, Sudan"
KSU,Kristiansund,Norway,"Kristiansund, Norway"
KTA,Karratha,Australia,"Karratha, Australia"
KTB,"Thorne Bay, AK",USA,"Thorne Bay, AK, USA"
KTM,Kathmandu Tribhuvan,Nepal,"Kathmandu Tribhuvan, Nepal"
KTN,"Ketchikan, AK",USA,"Ketchikan, AK, USA"
KTR,Katherine,Australia,"Katherine, Australia"
KTT,Kittilä,Finland,"Kittilä, Finland"
KUA,Kuantan,Malaysia,"Kuantan, Malaysia"
KUB,Kuala Belait,Brunei,"Kuala Belait, Brunei"
KUH,Kushiro,Japan,"Kushiro, Japan"
KUL,Kuala Lumpur International,Malaysia,"Kuala Lumpur International, Malaysia"
KUO,Kuopio,Finland,"Kuopio, Finland"
KVA,Kavalla,Greece,"Kavalla, Greece"
KWI,Kuwait Kuwait International,Kuwait,"Kuwait Kuwait International, Kuwait"
KWM,Kowanyama,Australia,"Kowanyama, Australia"
KZN,Kazan (Ka San),Russia,"Kazan (Ka San), Russia"
LAD,Luanda 4 de Fevereiro,Angola,"Luanda 4 de Fevereiro, Angola"
LAE,Lae,Papua New Guinea,"Lae, Papua New Guinea"
LAF,"Lafayette, IN",USA,"Lafayette, IN, USA"
LAI,Lannion,France,"Lannion, France"
LAN,"Lansing, MI",USA,"Lansing, MI, USA"
LAP,La Paz Leon,Mexico,"La Paz Leon, Mexico"
LAR,"Laramie, WY",USA,"Laramie, WY, USA"
LAS,"Las Vegas, NV",USA,"Las Vegas, NV, USA"
LAW,"Lawton, OK",USA,"Lawton, OK, USA"
LAX,"Los Angeles International, CA",USA,"Los Angeles International, CA, USA"
LBA,Leeds/Bradford,United Kingdom,"Leeds/Bradford, United Kingdom"
LBB,"Lubbock, TX",USA,"Lubbock, TX, USA"
LBE,"Latrobe, PA",USA,"Latrobe, PA, USA"
LBG,Paris Le Bourget,France,"Paris Le Bourget, France"
LBI,Albi,France,"Albi, France"
LBQ,Lambarene,Gabon,"Lambarene, Gabon"
LBU,Labuan,Malaysia,"Labuan, Malaysia"
LBV,Libreville,Gabon,"Libreville, Gabon"
LCA,Larnaca,Cyprus,"Larnaca, Cyprus"
LCG,La Coruna,Spain,"La Coruna, Spain"
LCH,"Lake Charles, La",USA,"Lake Charles, La, USA"
LCY,London City,United Kingdom,"London City, United Kingdom"
LDC,Lindeman Island,Australia,"Lindeman Island, Australia"
LDE,Lourdes/Tarbes,France,"Lourdes/Tarbes, France"
LDK,Lidkoeping,Sweden,"Lidkoeping, Sweden"
LDY,Derry (Londonderry),United Kingdom,"Derry (Londonderry), United Kingdom"
LEA,Learmouth (Exmouth),Australia,"Learmouth (Exmouth), Australia"
LEB,"Lebanon, NH",USA,"Lebanon, NH, USA"
LED,St. Petersburg (Leningrad) Pulkovo,Russia,"St. Petersburg (Leningrad) Pulkovo, Russia"
LEI,Almeria,Spain,"Almeria, Spain"
LEJ,Leipzig,Germany,"Leipzig, Germany"
LEK,Labe,Guinea,"Labe, Guinea"
LER,Leinster,Australia,"Leinster, Australia"
LEX,"Lexington, KY",USA,"Lexington, KY, USA"
LEY,Lelystad,Netherlands,"Lelystad, Netherlands"
LFT,"Lafayette, La",USA,"Lafayette, La, USA"
LFW,Lome,Togo,"Lome, Togo"
LGA,"New York La Guardia, NY",USA,"New York La Guardia, NY, USA"
LGB,"Long Beach, CA",USA,"Long Beach, CA, USA"
LGG,Liege,Belgium,"Liege, Belgium"
LGK,Langkawi,Malaysia,"Langkawi, Malaysia"
LGW,London Gatwick,United Kingdom,"London Gatwick, United Kingdom"
LHE,Lahore,Pakistan,"Lahore, Pakistan"
LHR,London Heathrow,United Kingdom,"London Heathrow, United Kingdom"
LIF,Lifou,"Loyaute, Pazifik","Lifou, Loyaute, Pazifik"
LIG,Limoges,France,"Limoges, France"
LIH,"Lihue, HI",USA,"Lihue, HI, USA"
LIJ,"Long Island, AK",USA,"Long Island, AK, USA"
LIL,Lille,France,"Lille, France"
LIM,Lima Jorge Chávez International,Peru,"Lima Jorge Chávez International, Peru"
LIN,Milan Linate,Italy,"Milan Linate, Italy"
LIQ,Lisala,"Congo, Democratic Republic of The","Lisala, Congo, Democratic Republic of The"
LIS,Lisbon Lisboa,Portugal,"Lisbon Lisboa, Portugal"
LIT,"Little Rock, AR",USA,"Little Rock, AR, USA"
LJU,Ljubljana Brnik,Slovenia,"Ljubljana Brnik, Slovenia"
LKL,Lakselv,Norway,"Lakselv, Norway"
LKO,Lucknow,India,"Lucknow, India"
LLA,Lulea,Sweden,"Lulea, Sweden"
LLW,Lilongwe Lilongwe International,Malawi,"Lilongwe Lilongwe International, Malawi"
LMM,Los Mochis,Mexico,"Los Mochis, Mexico"
LMP,Lampedusa,Italy,"Lampedusa, Italy"
LMT,"Klamath Fall, OR",USA,"Klamath Fall, OR, USA"
LNK,"Lincoln, NE",USA,"Lincoln, NE, USA"
LNO,Leonora,Australia,"Leonora, Australia"
LNS,"Lancaster, PA",USA,"Lancaster, PA, USA"
LNY,"Lanai City, HI",USA,"Lanai City, HI, USA"
LNZ,Linz Hoersching,Austria,"Linz Hoersching, Austria"
LOS,Lagos Murtala Muhammed,Nigeria,"Lagos Murtala Muhammed, Nigeria"
LPA,Las Palmas,Spain,"Las Palmas, Spain"
LPB,La Paz El Alto,Bolivia,"La Paz El Alto, Bolivia"
LPL,Liverpool,United Kingdom,"Liverpool, United Kingdom"
LPP,Lappeenranta,Finland,"Lappeenranta, Finland"
LRD,"Laredo, TX",USA,"Laredo, TX, USA"
LRE,Longreach,Australia,"Longreach, Australia"
LRH,La Rochelle,France,"La Rochelle, France"
LRM,Casa de Campo/La Romana,Dominican Republic,"Casa de Campo/La Romana, Dominican Republic"
LRT,Lorient,France,"Lorient, France"
LSE,"La Crosse, WI",USA,"La Crosse, WI, USA"
LSG,Ishigaki,Japan,"Ishigaki, Japan"
LSI,Sumburgh (Shetland),United Kingdom,"Sumburgh (Shetland), United Kingdom"
LST,Launceston,Australia,"Launceston, Australia"
LSY,Lismore,Australia,"Lismore, Australia"
LSZ,(Mali) Losinj Losinj Arpt,Croatia (Hrvatska),"(Mali) Losinj Losinj Arpt, Croatia (Hrvatska)"
LTN,London Luton,United Kingdom,"London Luton, United Kingdom"
LTO,Loreto,Mexico,"Loreto, Mexico"
LUD,Luederitz,Namibia,"Luederitz, Namibia"
LUG,Lugano,Switzerland,"Lugano, Switzerland"
LUJ,Lusisiki,South Africa,"Lusisiki, South Africa"
LUN,Lusaka,Zambia,"Lusaka, Zambia"
LUX,Luxembourg,Luxembourg,"Luxembourg, Luxembourg"
LVO,Laverton,Australia,"Laverton, Australia"
LWB,"Greenbrier/Lewisburg, WV",USA,"Greenbrier/Lewisburg, WV, USA"
LWO,"Lvov (Lwow, Lemberg)",Ukraine,"Lvov (Lwow, Lemberg), Ukraine"
LWS,"Lewiston, ID",USA,"Lewiston, ID, USA"
LWT,"Lewistown, MT",USA,"Lewistown, MT, USA"
LXR,Luxor,Egypt,"Luxor, Egypt"
LYH,"Lynchburg, VA",USA,"Lynchburg, VA, USA"
LYP,Faisalabad,Pakistan,"Faisalabad, Pakistan"
LYR,Longyearbyen Svalbard,Svalbard/Norway,"Longyearbyen Svalbard, Svalbard/Norway"
LYS,Lyon,France,"Lyon, France"
LZC,Lazaro Cardenas,Mexico,"Lazaro Cardenas, Mexico"
LZR,Lizard Island,Australia,"Lizard Island, Australia"
MAA,Chennai (Madras),India,"Chennai (Madras), India"
MAD,Madrid Barajas,Spain,"Madrid Barajas, Spain"
MAF,"Midland/Odessa, TX",USA,"Midland/Odessa, TX, USA"
MAH,Mahon,Spain,"Mahon, Spain"
MAN,Manchester,United Kingdom,"Manchester, United Kingdom"
MAO,Manaus,Brazil,"Manaus, Brazil"
MAR,Maracaibo La Chinita,Venezuela,"Maracaibo La Chinita, Venezuela"
MAU,Maupiti,French Polynesia,"Maupiti, French Polynesia"
MAZ,Mayaguez,Puerto Rico,"Mayaguez, Puerto Rico"
MBA,Mombasa Moi International,Kenya,"Mombasa Moi International, Kenya"
MBH,Maryborough,Australia,"Maryborough, Australia"
MBJ,Montenego Bay,Jamaica,"Montenego Bay, Jamaica"
MBM,Mkambati,South Africa,"Mkambati, South Africa"
MBS,"Saginaw/Bay City/Midland, MI",USA,"Saginaw/Bay City/Midland, MI, USA"
MBX,Maribor,Slovenia,"Maribor, Slovenia"
MCE,"Merced, CA",USA,"Merced, CA, USA"
MCI,"Kansas City, MO International",USA,"Kansas City, MO International, USA"
MCL,"Mt. McKinley, AK",USA,"Mt. McKinley, AK, USA"
MCN,"Macon, GA",USA,"Macon, GA, USA"
MCP,Macapa,Brazil,"Macapa, Brazil"
MCT,Muscat Seeb,Oman,"Muscat Seeb, Oman"
MCW,"Mason City, IA",USA,"Mason City, IA, USA"
MCY,Sunshine Coast,Australia,"Sunshine Coast, Australia"
MCZ,Maceio,Brazil,"Maceio, Brazil"
MDC,Manado,Indonesia,"Manado, Indonesia"
MDE,Medellin,Colombia,"Medellin, Colombia"
MDQ,Mar del Plata,Argentina,"Mar del Plata, Argentina"
MDT,"Harrisburg International, PA",USA,"Harrisburg International, PA, USA"
MDW,"Chicago Midway, IL",USA,"Chicago Midway, IL, USA"
MDZ,Mendoza,Argentina,"Mendoza, Argentina"
MED,"Madinah, Mohammad Bin Abdulaziz",Saudi Arabia,"Madinah, Mohammad Bin Abdulaziz, Saudi Arabia"
MEE,Mare,New Caledonia,"Mare, New Caledonia"
MEI,"Meridian, MS",USA,"Meridian, MS, USA"
MEL,Melbourne Tullamarine,Australia,"Melbourne Tullamarine, Australia"
MEM,"Memphis, TN",USA,"Memphis, TN, USA"
MES,Medan,Indonesia,"Medan, Indonesia"
MEX,Mexico City Juarez International,Mexico,"Mexico City Juarez International, Mexico"
MEZ,Messina,South Africa,"Messina, South Africa"
MFE,"McAllen, TX",USA,"McAllen, TX, USA"
MFF,Moanda,Gabon,"Moanda, Gabon"
MFG,Muzaffarabad,Pakistan,"Muzaffarabad, Pakistan"
MFM,Macau,"Macau, China SAR","Macau, Macau, China SAR"
MFN,Milford Sound,New Zealand,"Milford Sound, New Zealand"
MFO,Manguna,Papua New Guinea,"Manguna, Papua New Guinea"
MFQ,Maradi,Niger,"Maradi, Niger"
MFR,"Medford, OR",USA,"Medford, OR, USA"
MFU,Mfuwe,Zambia,"Mfuwe, Zambia"
MGA,Managua Augusto C Sandino,Nicaragua,"Managua Augusto C Sandino, Nicaragua"
MGB,Mount Gambier,Australia,"Mount Gambier, Australia"
MGH,Margate,South Africa,"Margate, South Africa"
MGM,"Montgomery, AL",USA,"Montgomery, AL, USA"
MGQ,Mogadischu,Somalia,"Mogadischu, Somalia"
MGW,"Morgantown, WV",USA,"Morgantown, WV, USA"
MHE,"Mitchell, SD",USA,"Mitchell, SD, USA"
MHH,Marsh Harbour,Bahamas,"Marsh Harbour, Bahamas"
MHQ,Mariehamn (Maarianhamina),Finland,"Mariehamn (Maarianhamina), Finland"
MHT,"Manchester, NH",USA,"Manchester, NH, USA"
MIA,"Miami International, FL",USA,"Miami International, FL, USA"
MID,Merida,Mexico,"Merida, Mexico"
MIK,Mikkeli,Finland,"Mikkeli, Finland"
MIL,Milan,Italy,"Milan, Italy"
MIM,Merimbula,Australia,"Merimbula, Australia"
MIR,Monastir,Tunisia,"Monastir, Tunisia"
MJC,Man,Ivory Coast,"Man, Ivory Coast"
MJD,Moenjodaro,Pakistan,"Moenjodaro, Pakistan"
MJL,Mouila,Gabon,"Mouila, Gabon"
MJN,Majunga,Madagascar,"Majunga, Madagascar"
MJT,Mytilene (Lesbos),Greece,"Mytilene (Lesbos), Greece"
MJV,Murcia,Spain,"Murcia, Spain"
MKE,"Milwaukee, WI",USA,"Milwaukee, WI, USA"
MKG,"Muskegon, MI",USA,"Muskegon, MI, USA"
MKK,"Kaunakakai, HI",USA,"Kaunakakai, HI, USA"
MKL,"Jackson, TN",USA,"Jackson, TN, USA"
MKR,Meekatharra,Australia,"Meekatharra, Australia"
MKY,Mackay,Australia,"Mackay, Australia"
MLA,Luga,Malta,"Luga, Malta"
MLB,"Melbourne, FL",USA,"Melbourne, FL, USA"
MLE,Male International,Maledives,"Male International, Maledives"
MLH,Mulhouse,France,"Mulhouse, France"
MLI,"Moline/Quad Cities, IL",USA,"Moline/Quad Cities, IL, USA"
MLM,Morelia,Mexico,"Morelia, Mexico"
MLS,"Miles City, MT",USA,"Miles City, MT, USA"
MLU,"Monroe, La",USA,"Monroe, La, USA"
MLW,Monrovia,Liberia,"Monrovia, Liberia"
MMA,Malmo (Malmoe),Sweden,"Malmo (Malmoe), Sweden"
MME,"Teesside, Durham Tees Valley",United Kingdom,"Teesside, Durham Tees Valley, United Kingdom"
MMG,Mount Magnet,Australia,"Mount Magnet, Australia"
MMJ,"Matsumoto, Nagano",Japan,"Matsumoto, Nagano, Japan"
MMK,Murmansk,Russia,"Murmansk, Russia"
MMM,Middlemount,Australia,"Middlemount, Australia"
MMX,Malmo (Malmoe) Sturup,Sweden,"Malmo (Malmoe) Sturup, Sweden"
MMY,Miyako Jima (Ryuku Islands) Hirara,Japan,"Miyako Jima (Ryuku Islands) Hirara, Japan"
MNL,Manila Ninoy Aquino International,Philippines,"Manila Ninoy Aquino International, Philippines"
MOB,"Mobile, AL Pascagoula, MS",USA,"Mobile, AL Pascagoula, MS, USA"
MOD,"Modesto, CA",USA,"Modesto, CA, USA"
MOT,"Minot, ND",USA,"Minot, ND, USA"
MOV,Moranbah,Australia,"Moranbah, Australia"
MOW,Moscow Metropolitan Area,Russia,"Moscow Metropolitan Area, Russia"
MOZ,Moorea,French Polynesia,"Moorea, French Polynesia"
MPA,Katima Mulilo/Mpacha,Namibia,"Katima Mulilo/Mpacha, Namibia"
MPD,Sindhri,Pakistan,"Sindhri, Pakistan"
MPL,Montpellier Frejorgues,France,"Montpellier Frejorgues, France"
MPM,Maputo Maputo International,Mozambique,"Maputo Maputo International, Mozambique"
MQL,Mildura,Australia,"Mildura, Australia"
MQP,Nelspruit Kruger Mpumalanga International ,", ZA","Nelspruit Kruger Mpumalanga International , , ZA"
MQQ,Moundou,Chad,"Moundou, Chad"
MQT,"Marquette, MI",USA,"Marquette, MI, USA"
MRS,Marseille,France,"Marseille, France"
MRU,Mauritius S.Seewoosagur Ram International,Mauritius,"Mauritius S.Seewoosagur Ram International, Mauritius"
MRV,Mineralnye Vody,Russia,"Mineralnye Vody, Russia"
MRY,"Monterey, CA",USA,"Monterey, CA, USA"
MRZ,Moree,Australia,"Moree, Australia"
MSL,"Muscle Shoals, AL",USA,"Muscle Shoals, AL, USA"
MSN,"Madison, WI",USA,"Madison, WI, USA"
MSO,"Missula, MT",USA,"Missula, MT, USA"
MSP,"Minneapolis St. Paul International, MN",USA,"Minneapolis St. Paul International, MN, USA"
MSQ,"Minsk, International",Belarus,"Minsk, International, Belarus"
MSR,Muenster/Osnabrück,Germany,"Muenster/Osnabrück, Germany"
MST,Maastricht/Aachen,Netherlands,"Maastricht/Aachen, Netherlands"
MSU,Maseru Moshoeshoe International,Lesotho,"Maseru Moshoeshoe International, Lesotho"
MSY,"New Orleans, La",USA,"New Orleans, La, USA"
MTH,"Marathon, FL",USA,"Marathon, FL, USA"
MTJ,"Montrose/Tellruide, CO",USA,"Montrose/Tellruide, CO, USA"
MTL,Maitland,Australia,"Maitland, Australia"
MTM,"Metlakatla, AK",USA,"Metlakatla, AK, USA"
MTO,"Mattoon, IL",USA,"Mattoon, IL, USA"
MTS,Manzini Matsapha International,Swaziland,"Manzini Matsapha International, Swaziland"
MTT,Minatitlan,Mexico,"Minatitlan, Mexico"
MTY,Monterrey,Mexico,"Monterrey, Mexico"
MUB,Maun,Botswana,"Maun, Botswana"
MUC,Munich,Germany,"Munich, Germany"
MUE,"Kamuela, HI",USA,"Kamuela, HI, USA"
MUH,Marsa Matrah (Marsa Matruh),Egypt,"Marsa Matrah (Marsa Matruh), Egypt"
MUX,Multan,Pakistan,"Multan, Pakistan"
MVB,Mvengue,Gabon,"Mvengue, Gabon"
MVD,Montevideo Carrasco,Uruguay,"Montevideo Carrasco, Uruguay"
MVR,Maroua,Cameroon,"Maroua, Cameroon"
MVY,"Martha's Vineyard, MA",USA,"Martha's Vineyard, MA, USA"
MVZ,Masvingo,Zimbabwe,"Masvingo, Zimbabwe"
MWD,Mianwali,Pakistan,"Mianwali, Pakistan"
MWH,"Moses Lake, WA",USA,"Moses Lake, WA, USA"
MXL,Mexicali,Mexico,"Mexicali, Mexico"
MXP,Milan Malpensa,Italy,"Milan Malpensa, Italy"
MYD,Malindi,Kenya,"Malindi, Kenya"
MYJ,Matsuyama,Japan,"Matsuyama, Japan"
MYR,"Myrtle Beach, SC",USA,"Myrtle Beach, SC, USA"
MYY,Miri,Malaysia,"Miri, Malaysia"
MZF,Mzamba,South Africa,"Mzamba, South Africa"
MZG,Makung,Taiwan,"Makung, Taiwan"
MZM,Metz,France,"Metz, France"
MZT,Mazatlan,Mexico,"Mazatlan, Mexico"
NAA,Narrabri,Australia,"Narrabri, Australia"
NAG,Nagpur,India,"Nagpur, India"
NAN,Nadi,Fiji,"Nadi, Fiji"
NAP,Naples,Italy,"Naples, Italy"
NAS,Nassau,Bahamas,"Nassau, Bahamas"
NAT,Natal,Brazil,"Natal, Brazil"
NAY,Beijing Nanyuan ,China,"Beijing Nanyuan , China"
NBO,Nairobi,Kenya,"Nairobi, Kenya"
NCE,Nice Cote D'Azur,France,"Nice Cote D'Azur, France"
NCL,Newcastle,United Kingdom,"Newcastle, United Kingdom"
NCS,Newcastle,South Africa,"Newcastle, South Africa"
NCY,Annecy,France,"Annecy, France"
NDB,Nouadhibou,Mauritania,"Nouadhibou, Mauritania"
NDJ,N'Djamena,Chad,"N'Djamena, Chad"
NDU,Rundu,Namibia,"Rundu, Namibia"
NEV,Nevis,Nevis,"Nevis, Nevis"
NGE,N'Gaoundere,Cameroon,"N'Gaoundere, Cameroon"
NGO,Nagoya Komaki AFB,Japan,"Nagoya Komaki AFB, Japan"
NGS,Nagasaki,Japan,"Nagasaki, Japan"
NIC,Nicosia,Cyprus,"Nicosia, Cyprus"
NIM,Niamey,Niger,"Niamey, Niger"
NKC,Nouakchott,Mauritania,"Nouakchott, Mauritania"
NKG,Nanjing Lukou International,"Jiangsu, China","Nanjing Lukou International, Jiangsu, China"
NLA,N'Dola,Zambia,"N'Dola, Zambia"
NLD,Nuevo Laredo,Mexico,"Nuevo Laredo, Mexico"
NLK,Norfolk Island,Australia,"Norfolk Island, Australia"
NLP,Nelspruit,South Africa,"Nelspruit, South Africa"
NLV,Nikolaev,Ukraine,"Nikolaev, Ukraine"
NNG,Nanning,"Guangxi, China","Nanning, Guangxi, China"
NOC,Knock,Ireland,"Knock, Ireland"
NOP,Mactan Island Nab,Philippines,"Mactan Island Nab, Philippines"
NOU,Noumea,New Caledonia,"Noumea, New Caledonia"
NRA,Narrandera,Australia,"Narrandera, Australia"
NRK,Norrkoeping,Sweden,"Norrkoeping, Sweden"
NRT,Tokyo Narita,Japan,"Tokyo Narita, Japan"
NSA,Noosa,Australia,"Noosa, Australia"
NSN,Nelson,New Zealand,"Nelson, New Zealand"
NSO,Scone,Australia,"Scone, Australia"
NTE,Nantes,France,"Nantes, France"
NTL,Newcastle Williamtown,Australia,"Newcastle Williamtown, Australia"
NTR,Monterrey Aeropuerto Del Norte,Mexico,"Monterrey Aeropuerto Del Norte, Mexico"
NTY,Pilanesberg/Sun City,South Africa,"Pilanesberg/Sun City, South Africa"
NUE,Nürnberg (Nuremberg),Germany,"Nürnberg (Nuremberg), Germany"
OAG,Orange,Australia,"Orange, Australia"
OAJ,"Jacksonville, NC",USA,"Jacksonville, NC, USA"
OAK,"Oakland, CA",USA,"Oakland, CA, USA"
OAX,Oaxaca,Mexico,"Oaxaca, Mexico"
ODA,Ouadda,Central African Republic,"Ouadda, Central African Republic"
ODB,Cordoba,Spain,"Cordoba, Spain"
ODE,Odense,Denmark,"Odense, Denmark"
ODS,Odessa,Ukraine,"Odessa, Ukraine"
OGG,"Kahului, HI",USA,"Kahului, HI, USA"
OHD,Ohrid,Macedonia,"Ohrid, Macedonia"
OHT,Kohat,Pakistan,"Kohat, Pakistan"
OIT,Oita,Japan,"Oita, Japan"
OKA,"Okinawa, Ryukyo Island Naha",Japan,"Okinawa, Ryukyo Island Naha, Japan"
OKC,"Oklahoma City, OK Will Rogers World",USA,"Oklahoma City, OK Will Rogers World, USA"
OKD,Sapporo Okadama,"Hokkaido, Japan","Sapporo Okadama, Hokkaido, Japan"
OKJ,Okayama,Japan,"Okayama, Japan"
OKU,Mokuti,Namibia,"Mokuti, Namibia"
OLB,Olbia,Italy,"Olbia, Italy"
OLF,"Wolf Point, MT",USA,"Wolf Point, MT, USA"
OLP,Olympic Dam,Australia,"Olympic Dam, Australia"
OMA,"Omaha, NE",USA,"Omaha, NE, USA"
OMD,Oranjemund,Namibia,"Oranjemund, Namibia"
OME,"Nome, AK",USA,"Nome, AK, USA"
OMO,Mostar,Bosnia and Herzegovina,"Mostar, Bosnia and Herzegovina"
OND,Ondangwa,Namibia,"Ondangwa, Namibia"
ONT,"Ontario, CA",USA,"Ontario, CA, USA"
OOL,Gold Coast,Australia,"Gold Coast, Australia"
OOM,Cooma,Australia,"Cooma, Australia"
OPO,Porto,Portugal,"Porto, Portugal"
ORB,Oerebro,Sweden,"Oerebro, Sweden"
ORD,"Chicago O'Hare International, IL",USA,"Chicago O'Hare International, IL, USA"
ORF,"Norfolk/Virginia Beach, VA",USA,"Norfolk/Virginia Beach, VA, USA"
ORH,"Worcester, MA",USA,"Worcester, MA, USA"
ORK,Cork,Ireland,"Cork, Ireland"
ORL,"Orlando International, FL",MCO,"Orlando International, FL, MCO"
ORN,Oran (Ouahran),Algeria,"Oran (Ouahran), Algeria"
ORS,Orpheus Island,Australia,"Orpheus Island, Australia"
ORY,Paris Orly,France,"Paris Orly, France"
OSA,"Osaka, Metropolitan Area",Japan,"Osaka, Metropolitan Area, Japan"
OSH,"Oshkosh, WI",USA,"Oshkosh, WI, USA"
OSI,Osijek,Croatia (Hrvatska),"Osijek, Croatia (Hrvatska)"
OSL,Oslo,Norway,"Oslo, Norway"
OSM,Mosul,Iraq,"Mosul, Iraq"
OTH,"North Bend, OR",USA,"North Bend, OR, USA"
OTP,Bucharest Henri Coandă,Romania,"Bucharest Henri Coandă, Romania"
OTZ,"Kotzbue, AK",USA,"Kotzbue, AK, USA"
OUA,Ouagadougou,Burkina Faso,"Ouagadougou, Burkina Faso"
OUD,Oujda,Morocco,"Oujda, Morocco"
OUH,Oudtshoorn,South Africa,"Oudtshoorn, South Africa"
OUL,Oulu,Finland,"Oulu, Finland"
OUZ,Zouerate,Mauritania,"Zouerate, Mauritania"
OVB,Novosibirsk Tolmachevo,Russia,"Novosibirsk Tolmachevo, Russia"
OVD,Oviedo,Spain,"Oviedo, Spain"
OWB,"Owensboro, KY",USA,"Owensboro, KY, USA"
OXR,"Oxnard, CA",USA,"Oxnard, CA, USA"
OZZ,Ouarzazate,Morocco,"Ouarzazate, Morocco"
PAD,Paderborn/Lippstadt,Germany,"Paderborn/Lippstadt, Germany"
PAH,"Paducah, KY",USA,"Paducah, KY, USA"
PAP,Port au Prince,Haiti,"Port au Prince, Haiti"
PAR,Paris,France,"Paris, France"
PAT,Patna,India,"Patna, India"
PBC,Puebla,Mexico,"Puebla, Mexico"
PBH,Paro,Bhutan,"Paro, Bhutan"
PBI,"West Palm Beach, FL",USA,"West Palm Beach, FL, USA"
PBM,Paramaribo Zanderij International,Suriname,"Paramaribo Zanderij International, Suriname"
PBO,Paraburdoo,Australia,"Paraburdoo, Australia"
PBZ,Plettenberg Bay,South Africa,"Plettenberg Bay, South Africa"
PDL,Ponta Delgada,Portugal,"Ponta Delgada, Portugal"
PDT,"Pendelton, OR",USA,"Pendelton, OR, USA"
PDX,"Portland International, OR",USA,"Portland International, OR, USA"
PEG,Perugia,Italy,"Perugia, Italy"
PEI,Pereira,Colombia,"Pereira, Colombia"
PEK,Beijing Capital International,China,"Beijing Capital International, China"
PEN,Penang International,Malaysia,"Penang International, Malaysia"
PER,Perth International,Australia,"Perth International, Australia"
PEW,Peshawar,Pakistan,"Peshawar, Pakistan"
PFN,"Panama City, FL",USA,"Panama City, FL, USA"
PFO,Paphos,Cyprus,"Paphos, Cyprus"
PGA,"Page/Lake Powell, AZ",USA,"Page/Lake Powell, AZ, USA"
PGF,Perpignan,France,"Perpignan, France"
PGV,"Greenville, NC",USA,"Greenville, NC, USA"
PHC,Port Harcourt,Nigeria,"Port Harcourt, Nigeria"
PHE,Port Hedland,Australia,"Port Hedland, Australia"
PHF,"Newport News/Williamsburg, VA",USA,"Newport News/Williamsburg, VA, USA"
PHL,"Philadelphia, PA International",USA,"Philadelphia, PA International, USA"
PHW,Phalaborwa,South Africa,"Phalaborwa, South Africa"
PHX,"Phoenix Sky Harbor International, AZ",USA,"Phoenix Sky Harbor International, AZ, USA"
PIA,"Peoria/Bloomington, IL",USA,"Peoria/Bloomington, IL, USA"
PIB,"Laurel/Hattisburg, MS",USA,"Laurel/Hattisburg, MS, USA"
PIH,"Pocatello, ID",USA,"Pocatello, ID, USA"
PIK,"Glasgow, Prestwick",United Kingdom,"Glasgow, Prestwick, United Kingdom"
PIR,"Pierre, SD",USA,"Pierre, SD, USA"
PIT,"Pittsburgh International, PA",USA,"Pittsburgh International, PA, USA"
PJG,Panjgur,Pakistan,"Panjgur, Pakistan"
PKB,"Pakersburg, WV/Marietta, OH",USA,"Pakersburg, WV/Marietta, OH, USA"
PKW,Selibi Phikwe,Botswana,"Selibi Phikwe, Botswana"
PLB,"Plattsburgh, NY",USA,"Plattsburgh, NY, USA"
PLN,"Pellston, MI",USA,"Pellston, MI, USA"
PLO,Port Lincoln,Australia,"Port Lincoln, Australia"
PLZ,Port Elizabeth,South Africa,"Port Elizabeth, South Africa"
PMD,"Palmdale/Lancaster, CA",USA,"Palmdale/Lancaster, CA, USA"
PMI,Palma de Mallorca,Spain,"Palma de Mallorca, Spain"
PMO,Palermo Punta Raisi,Italy,"Palermo Punta Raisi, Italy"
PMR,Palmerston North,New Zealand,"Palmerston North, New Zealand"
PMV,Margerita,Venezuela,"Margerita, Venezuela"
PNH,Phnom Penh Pochentong,Cambodia,"Phnom Penh Pochentong, Cambodia"
PNI,Pohnpei,Micronesia,"Pohnpei, Micronesia"
PNL,Pantelleria,Italy,"Pantelleria, Italy"
PNQ,Pune,India,"Pune, India"
PNR,Pointe Noire,Congo,"Pointe Noire, Congo"
PNS,"Pensacola, FL",USA,"Pensacola, FL, USA"
POA,Porto Alegre,Brazil,"Porto Alegre, Brazil"
POG,Port Gentil,Gabon,"Port Gentil, Gabon"
POM,Port Moresby Jackson Field,Papua New Guinea,"Port Moresby Jackson Field, Papua New Guinea"
POP,Puerto Plata,Dominican Republic,"Puerto Plata, Dominican Republic"
POR,Pori,Finland,"Pori, Finland"
POS,Port of Spain,Trinidad,"Port of Spain, Trinidad"
POU,"Poughkeepsie, NY",USA,"Poughkeepsie, NY, USA"
POZ,"Poznan, Lawica",Poland,"Poznan, Lawica, Poland"
PPG,Pago Pago,American Samoa,"Pago Pago, American Samoa"
PPP,Prosperpine,Australia,"Prosperpine, Australia"
PPT,Papeete Faaa,French Polynesia (Tahiti),"Papeete Faaa, French Polynesia (Tahiti)"
PQI,"Presque Island, ME",USA,"Presque Island, ME, USA"
PQQ,Port Macquarie,Australia,"Port Macquarie, Australia"
PRG,Václav Havel Prague,Czech Republic,"Václav Havel Prague, Czech Republic"
PRN,Pristina,Yugoslavia,"Pristina, Yugoslavia"
PRY,Pretoria Wonderboom Apt.,South Africa,"Pretoria Wonderboom Apt., South Africa"
PSA,Pisa Gal Galilei,Italy,"Pisa Gal Galilei, Italy"
PSC,"Pasco, WA",USA,"Pasco, WA, USA"
PSD,Port Said,Egypt,"Port Said, Egypt"
PSE,Ponce,Puerto Rico,"Ponce, Puerto Rico"
PSG,"Petersburg, AK",USA,"Petersburg, AK, USA"
PSI,Pasni,Pakistan,"Pasni, Pakistan"
PSP,"Palm Springs, CA",USA,"Palm Springs, CA, USA"
PSR,Pescara,Italy,"Pescara, Italy"
PTG,Pietersburg,South Africa,"Pietersburg, South Africa"
PTJ,Portland,Australia,"Portland, Australia"
PTP,Pointe a Pitre,Guadeloupe,"Pointe a Pitre, Guadeloupe"
PTY,Panama City Tocumen,Panama,"Panama City Tocumen, Panama"
PUB,"Pueblo, CO",USA,"Pueblo, CO, USA"
PUF,Pau,France,"Pau, France"
PUG,Port Augusta,Australia,"Port Augusta, Australia"
PUJ,Punta Cana,Dominican Republic,"Punta Cana, Dominican Republic"
PUQ,Punta Arenas,Chile,"Punta Arenas, Chile"
PUS,Busan Gimhae International,Korea,"Busan Gimhae International, Korea"
PUW,"Pullman, WA",USA,"Pullman, WA, USA"
PUY,Pula,Croatia (Hrvatska),"Pula, Croatia (Hrvatska)"
PVD,"Providence, RI",USA,"Providence, RI, USA"
PVG,Shanghai Pudong International,China,"Shanghai Pudong International, China"
PVH,Porto Velho,Brazil,"Porto Velho, Brazil"
PVK,Preveza/Lefkas,Greece,"Preveza/Lefkas, Greece"
PVR,Puerto Vallarta,Mexico,"Puerto Vallarta, Mexico"
PWM,"Portland, ME",USA,"Portland, ME, USA"
PXM,Puerto Escondido,Mexico,"Puerto Escondido, Mexico"
PXO,Porto Santo,Portugal,"Porto Santo, Portugal"
PYX,Pattaya,Thailand,"Pattaya, Thailand"
PZB,Pietermaritzburg,South Africa,"Pietermaritzburg, South Africa"
PZH,Zhob,Pakistan,"Zhob, Pakistan"
PZO,Puerto Ordaz,Venezuela,"Puerto Ordaz, Venezuela"
QCB,Chiba City,Japan,"Chiba City, Japan"
QGF,Montenegro,Brazil,"Montenegro, Brazil"
QJU,Kanpur,India,"Kanpur, India"
QLI,Limassol,Cyprus,"Limassol, Cyprus"
QML,Mirpur,Pakistan,"Mirpur, Pakistan"
QNB,Anand,India,"Anand, India"
QND,Novi Sad,Yugoslavia,"Novi Sad, Yugoslavia"
QPG,Singapore Paya Lebar,Singapore,"Singapore Paya Lebar, Singapore"
QUF,Tallinn Pirita Harbour,Estonia,"Tallinn Pirita Harbour, Estonia"
RAI,Praia,Cape Verde,"Praia, Cape Verde"
RAJ,Rajkot,India,"Rajkot, India"
RAK,Marrakech Menara,Morocco,"Marrakech Menara, Morocco"
RAP,"Rapid City, SD",USA,"Rapid City, SD, USA"
RAR,Rarotonga Cook,Island,"Rarotonga Cook, Island"
RAZ,Rawala Kot,Pakistan,"Rawala Kot, Pakistan"
RBA,Rabat Sale,Morocco,"Rabat Sale, Morocco"
RBR,Rio Branco,Brazil,"Rio Branco, Brazil"
RCB,Richards Bay,South Africa,"Richards Bay, South Africa"
RDD,"Redding, CA",USA,"Redding, CA, USA"
RDG,"Reading, PA",USA,"Reading, PA, USA"
RDM,"Redmond, OR",USA,"Redmond, OR, USA"
RDU,"Raleigh/Durham, NC",USA,"Raleigh/Durham, NC, USA"
RDZ,Rodez,France,"Rodez, France"
REC,Recife,Brazil,"Recife, Brazil"
REG,Reggio Calabria,Italy,"Reggio Calabria, Italy"
REK,Reykjavik Metropolitan Area,Iceland,"Reykjavik Metropolitan Area, Iceland"
REU,Reus,Spain,"Reus, Spain"
RFD,"Rockford, IL",USA,"Rockford, IL, USA"
RFP,Raiatea,French Polynesia,"Raiatea, French Polynesia"
RGI,Rangiroa,French Polynesia,"Rangiroa, French Polynesia"
RGN,Rangoon (Yangon) Mingaladon,Myanmar (Burma),"Rangoon (Yangon) Mingaladon, Myanmar (Burma)"
RHI,"Rhinelander, WI",USA,"Rhinelander, WI, USA"
RHO,Rhodos,Greece,"Rhodos, Greece"
RIC,"Richmond, VA",USA,"Richmond, VA, USA"
RIO,Rio de Janeiro,Brazil,"Rio de Janeiro, Brazil"
RIX,Riga,Latvia,"Riga, Latvia"
RJK,Rijeka,Croatia (Hrvatska),"Rijeka, Croatia (Hrvatska)"
RKD,"Rockland, ME",USA,"Rockland, ME, USA"
RKS,"Rock Springs, WY",USA,"Rock Springs, WY, USA"
RKT,Ras al Khaymah (Ras al Khaimah),UAE,"Ras al Khaymah (Ras al Khaimah), UAE"
RLT,Arlit,Niger,"Arlit, Niger"
RMI,Rimini,Italy,"Rimini, Italy"
RNB,Ronneby,Sweden,"Ronneby, Sweden"
RNE,Roanne,France,"Roanne, France"
RNN,Roenne,Denmark,"Roenne, Denmark"
RNO,"Reno, NV",USA,"Reno, NV, USA"
RNS,Rennes,France,"Rennes, France"
ROA,"Roanoke, VA",USA,"Roanoke, VA, USA"
ROB,Monrovia Roberts International,Liberia,"Monrovia Roberts International, Liberia"
ROC,"Rochester, NY",USA,"Rochester, NY, USA"
ROK,Rockhampton,Australia,"Rockhampton, Australia"
ROM,Rome,Italy,"Rome, Italy"
ROS,Rosario,Argentina,"Rosario, Argentina"
ROT,Rotorua,New Zealand,"Rotorua, New Zealand"
ROU,Ruse,Bulgaria,"Ruse, Bulgaria"
RRG,Rodrigues Island,Mauritius,"Rodrigues Island, Mauritius"
RSA,Santa Rosa,Argentina,"Santa Rosa, Argentina"
RSD,Rock Sound,Bahamas,"Rock Sound, Bahamas"
RST,"Rochester, MN",USA,"Rochester, MN, USA"
RSW,"Fort Myers, Southwest Florida Reg, FL",USA,"Fort Myers, Southwest Florida Reg, FL, USA"
RTB,Roatan,Honduras,"Roatan, Honduras"
RTM,Rotterdam,Netherlands,"Rotterdam, Netherlands"
RUH,Riyadh King Khaled International,Saudi Arabia,"Riyadh King Khaled International, Saudi Arabia"
RUN,Saint Denis de la Reunion,Reunion,"Saint Denis de la Reunion, Reunion"
RVN,Rovaniemi,Finland,"Rovaniemi, Finland"
RWI,"Rocky Mount Wilson, NC",USA,"Rocky Mount Wilson, NC, USA"
RWP,Rawalpindi,Pakistan,"Rawalpindi, Pakistan"
RYK,Rahim Yar Khan,Pakistan,"Rahim Yar Khan, Pakistan"
SAH,Sanaa (Sana'a) Sana'a International,Yemen,"Sanaa (Sana'a) Sana'a International, Yemen"
SAL,San Salvador,El Salvador,"San Salvador, El Salvador"
SAN,"San Diego Lindberg Field International, CA",USA,"San Diego Lindberg Field International, CA, USA"
SAO,Sao Paulo,Brazil,"Sao Paulo, Brazil"
SAP,San Pedro Sula,Honduras,"San Pedro Sula, Honduras"
SAT,"San Antonio, TX",USA,"San Antonio, TX, USA"
SAV,"Savannah, GA",USA,"Savannah, GA, USA"
SAY,Salisbury,Zimbabwe,"Salisbury, Zimbabwe"
SBA,"Santa Barbara, CA",USA,"Santa Barbara, CA, USA"
SBK,Saint Brieuc,France,"Saint Brieuc, France"
SBN,"South Bend, IN",USA,"South Bend, IN, USA"
SBP,"San Luis Obisco, CA",USA,"San Luis Obisco, CA, USA"
SBU,Springbok,South Africa,"Springbok, South Africa"
SBW,Sibu,Malaysia,"Sibu, Malaysia"
SBY,"Salisbury, MD",USA,"Salisbury, MD, USA"
SCC,"Prudhoe Bay, AK",USA,"Prudhoe Bay, AK, USA"
SCE,"State College/Belefonte, PA",USA,"State College/Belefonte, PA, USA"
SCF,"Scottsdale, AZ",USA,"Scottsdale, AZ, USA"
SCK,"Stockton, CA",USA,"Stockton, CA, USA"
SCL,Santiago de Chile Arturo Merino Benitez,Chile,"Santiago de Chile Arturo Merino Benitez, Chile"
SCN,Saarbruecken,Germany,"Saarbruecken, Germany"
SCQ,Santiago de Compostela,Spain,"Santiago de Compostela, Spain"
SCU,Santiago Antonio Maceo ,Cuba,"Santiago Antonio Maceo , Cuba"
SDA,"Bagdad, Saddam International",Iraq,"Bagdad, Saddam International, Iraq"
SDF,"Louisville, KY",USA,"Louisville, KY, USA"
SDH,Santa Rosa Copan,Honduras,"Santa Rosa Copan, Honduras"
SDJ,Sendai,Japan,"Sendai, Japan"
SDL,Sundsvall,Sweden,"Sundsvall, Sweden"
SDQ,Santo Domingo,Dominican Republic,"Santo Domingo, Dominican Republic"
SDR,Santander,Spain,"Santander, Spain"
SDS,Sado Shima,Japan,"Sado Shima, Japan"
SDT,Saidu Sharif,Pakistan,"Saidu Sharif, Pakistan"
SDU,Rio de Janeiro Santos Dumont,Brazil,"Rio de Janeiro Santos Dumont, Brazil"
SDY,"Sidney, MT",USA,"Sidney, MT, USA"
SEA,"Seattle–Tacoma International, WA",USA,"Seattle–Tacoma International, WA, USA"
SEB,Sehba,Libya,"Sehba, Libya"
SEN,Southend,United Kingdom,"Southend, United Kingdom"
SEW,Siwa,Egypt,"Siwa, Egypt"
SEZ,Mahe Seychelles International,Seychelles,"Mahe Seychelles International, Seychelles"
SFA,Sfax,Tunisia,"Sfax, Tunisia"
SFG,St. Martin,St. Martin,"St. Martin, St. Martin"
SFJ,Soendre Stroemfjord,Greenland,"Soendre Stroemfjord, Greenland"
SFO,"San Francisco International, CA",USA,"San Francisco International, CA, USA"
SGD,Soenderborg,Denmark,"Soenderborg, Denmark"
SGF,"Springfield, MO",USA,"Springfield, MO, USA"
SGN,Ho Chi Minh City (Saigon),Vietnam,"Ho Chi Minh City (Saigon), Vietnam"
SGU,"St. George, UT",USA,"St. George, UT, USA"
SGY,"Skagway, AK",USA,"Skagway, AK, USA"
SHA,Shanghai Hongqiao,China,"Shanghai Hongqiao, China"
SHD,"Shenandoah Valley/Stauton, VA",USA,"Shenandoah Valley/Stauton, VA, USA"
SHE,Shenyang,"Liaoning, China","Shenyang, Liaoning, China"
SHJ,Sharjah,UAE,"Sharjah, UAE"
SHR,"Sheridan, WY",USA,"Sheridan, WY, USA"
SHV,"Shreveport, La",USA,"Shreveport, La, USA"
SID,Sal,Cape Verde,"Sal, Cape Verde"
SIN,Singapore Changi,Singapore,"Singapore Changi, Singapore"
SIP,Simferopol,Ukraine,"Simferopol, Ukraine"
SIS,Sishen,South Africa,"Sishen, South Africa"
SIT,"Sitka, AK",USA,"Sitka, AK, USA"
SIX,Singleton,Australia,"Singleton, Australia"
SJC,"San Jose, CA",USA,"San Jose, CA, USA"
SJD,San Jose Cabo,Mexico,"San Jose Cabo, Mexico"
SJJ,Sarajevo,Bosnia and Herzegovina,"Sarajevo, Bosnia and Herzegovina"
SJO,San Jose,Costa Rica,"San Jose, Costa Rica"
SJT,"San Angelo, TX",USA,"San Angelo, TX, USA"
SJU,San Juan Perto,Rico,"San Juan Perto, Rico"
SJY,Seinaejoki,Finland,"Seinaejoki, Finland"
SKB,St. Kitts,St. Kitts And Nevis,"St. Kitts, St. Kitts And Nevis"
SKD,Samarkand,Uzbekistan,"Samarkand, Uzbekistan"
SKG,Thessaloniki Makedonia Apt.,Greece,"Thessaloniki Makedonia Apt., Greece"
SKP,Skopje,Macedonia,"Skopje, Macedonia"
SKS,Skrydstrup,Denmark,"Skrydstrup, Denmark"
SKV,Santa Katarina Mount Sinai,Egypt,"Santa Katarina Mount Sinai, Egypt"
SKZ,Sukkur,Pakistan,"Sukkur, Pakistan"
SLA,"Salta, Gen Belgrano",Argentina,"Salta, Gen Belgrano, Argentina"
SLC,"Salt Lake City, UT",USA,"Salt Lake City, UT, USA"
SLE,"Salem, OR",USA,"Salem, OR, USA"
SLL,Salalah,Oman,"Salalah, Oman"
SLP,San Luis Potosi,Mexico,"San Luis Potosi, Mexico"
SLS,Silistra,Bulgaria,"Silistra, Bulgaria"
SLU,St. Lucia Vigle,St. Lucia,"St. Lucia Vigle, St. Lucia"
SLZ,Sao Luis,Brazil,"Sao Luis, Brazil"
SMA,Santa Maria,Portugal,"Santa Maria, Portugal"
SMF,"Sacramento, CA",USA,"Sacramento, CA, USA"
SMI,Samos,Greece,"Samos, Greece"
SMX,"Santa Maria, CA",USA,"Santa Maria, CA, USA"
SNA,"Orange County (Santa Ana), CA",USA,"Orange County (Santa Ana), CA, USA"
SNC,Salinas,Ecuador,"Salinas, Ecuador"
SNN,Shannon (Limerick),Ireland,"Shannon (Limerick), Ireland"
SNS,"Salinas, CA",USA,"Salinas, CA, USA"
SOF,Sofia Vrazhdebna,Bulgaria,"Sofia Vrazhdebna, Bulgaria"
SOG,Sogndal,Norway,"Sogndal, Norway"
SOI,South Molle Island,Australia,"South Molle Island, Australia"
SON,Santo,Vanuatu,"Santo, Vanuatu"
SOT,Sodankylae,Finland,"Sodankylae, Finland"
SOU,Southampton Eastleigh,United Kingdom,"Southampton Eastleigh, United Kingdom"
SPC,Santa Cruz de la Palma,Spain,"Santa Cruz de la Palma, Spain"
SPI,"Springfield, IL",USA,"Springfield, IL, USA"
SPK,Sapporo,"Hokkaido, Japan","Sapporo, Hokkaido, Japan"
SPN,Saipan,Northern Mariana Islands,"Saipan, Northern Mariana Islands"
SPS,"Wichita Falls, TX",USA,"Wichita Falls, TX, USA"
SPU,Split,Croatia,"Split, Croatia"
SPY,San Pedro,Ivory Coast,"San Pedro, Ivory Coast"
SRA,Santa Rosa,Brazil,"Santa Rosa, Brazil"
SRB,Santa Rosa,Bolivia,"Santa Rosa, Bolivia"
SRL,Santa Rosalia,Mexico,"Santa Rosalia, Mexico"
SRQ,"Sarasota/Bradenton, FL",USA,"Sarasota/Bradenton, FL, USA"
SRZ,Santa Cruz de la Sierra,Bolivia,"Santa Cruz de la Sierra, Bolivia"
SSA,Salvador,Brazil,"Salvador, Brazil"
SSG,Malabo,Equatorial Guinea,"Malabo, Equatorial Guinea"
SSH,Sharm El Sheikh,Egypt,"Sharm El Sheikh, Egypt"
SSL,Santa Rosalia,Colombia,"Santa Rosalia, Colombia"
STL,"St. Louis Lambert, MO",USA,"St. Louis Lambert, MO, USA"
STN,London Stansted,United Kingdom,"London Stansted, United Kingdom"
STO,Stockholm Metropolitan Area,Sweden,"Stockholm Metropolitan Area, Sweden"
STR,Stuttgart Echterdingen,Germany,"Stuttgart Echterdingen, Germany"
STS,"Santa Rosa, CA",USA,"Santa Rosa, CA, USA"
STT,St. Thomas,Virgin Islands,"St. Thomas, Virgin Islands"
STV,Surat,India,"Surat, India"
STX,St. Croix,Virgin Islands,"St. Croix, Virgin Islands"
SUB,Surabaya Juanda,Indonesia,"Surabaya Juanda, Indonesia"
SUF,Lamezia Terme,Italy,"Lamezia Terme, Italy"
SUL,Sui,Pakistan,"Sui, Pakistan"
SUM,Agana,Guam,"Agana, Guam"
SUN,"Sun Valley, ID",USA,"Sun Valley, ID, USA"
SUV,Nausori,Fiji/Suva,"Nausori, Fiji/Suva"
SUX,"Sioux City, IA",USA,"Sioux City, IA, USA"
SVD,St. Vincent,St. Vincent,"St. Vincent, St. Vincent"
SVG,Stavanger,Norway,"Stavanger, Norway"
SVL,Savonlinna,Finland,"Savonlinna, Finland"
SVO,Moscow Sheremetyevo,Russia,"Moscow Sheremetyevo, Russia"
SVQ,Sevilla,Spain,"Sevilla, Spain"
SWF,"Newburgh, NY",USA,"Newburgh, NY, USA"
SWP,Swakopmund,Namibia,"Swakopmund, Namibia"
SXB,Strassburg,France,"Strassburg, France"
SXF,"Berlin, Schoenefeld",Germany,"Berlin, Schoenefeld, Germany"
SXL,Sligo,Ireland,"Sligo, Ireland"
SXM,St. Marteen,Netherlands Antilles,"St. Marteen, Netherlands Antilles"
SXR,Srinagar,India,"Srinagar, India"
SYD,Sydney Kingsford Smith,Australia,"Sydney Kingsford Smith, Australia"
SYR,"Syracuse, NY",USA,"Syracuse, NY, USA"
SYY,Stornway,United Kingdom,"Stornway, United Kingdom"
SZB,Kuala Lumpur Sultan Abdul Aziz Shah,Malaysia,"Kuala Lumpur Sultan Abdul Aziz Shah, Malaysia"
SZD,"Sheffield, City ",UK,"Sheffield, City , UK"
SZG,Salzburg W.A. Mozart,Austria,"Salzburg W.A. Mozart, Austria"
SZK,Skukuza,South Africa,"Skukuza, South Africa"
SZX,Shenzhen,"Guangdong, China","Shenzhen, Guangdong, China"
SZZ,Stettin,Poland,"Stettin, Poland"
TAB,Tobago,Tobago,"Tobago, Tobago"
TAK,Takamatsu,Japan,"Takamatsu, Japan"
TAM,Tampico Gen. F. Javier Mina,Mexico,"Tampico Gen. F. Javier Mina, Mexico"
TAO,Qingdao,"Shandong, China","Qingdao, Shandong, China"
TAS,Tashkent Vostochny,Uzbekistan,"Tashkent Vostochny, Uzbekistan"
TAY,Taipei Sung Shan,Taiwan,"Taipei Sung Shan, Taiwan"
TBS,Tbilisi Novo Alexeyevka,Georgia,"Tbilisi Novo Alexeyevka, Georgia"
TBU,Nuku'alofa Fua'Amotu International,Tonga,"Nuku'alofa Fua'Amotu International, Tonga"
TCA,Tennant Creek,Australia,"Tennant Creek, Australia"
TCB,Treasure Cay,Bahamas,"Treasure Cay, Bahamas"
TCI,Tenerife,Spain,"Tenerife, Spain"
TCL,"Tuscaloosa, AL",USA,"Tuscaloosa, AL, USA"
TCU,Thaba'Nchu,South Africa,"Thaba'Nchu, South Africa"
TED,Thisted,Denmark,"Thisted, Denmark"
TEM,Temora,Australia,"Temora, Australia"
TER,Terceira,Portugal,"Terceira, Portugal"
TEU,Te Anau,New Zealand,"Te Anau, New Zealand"
TEX,"Telluride, CO",USA,"Telluride, CO, USA"
TFN,Tenerife Norte Los Rodeos,Spain,"Tenerife Norte Los Rodeos, Spain"
TFS,Tenerife Sur Reina Sofia,Spain,"Tenerife Sur Reina Sofia, Spain"
TGD,Podgorica,Yugoslavia,"Podgorica, Yugoslavia"
TGU,Tegucigalpa,Honduras,"Tegucigalpa, Honduras"
TGV,Targovishte,Bulgaria,"Targovishte, Bulgaria"
TGZ,Tuxtla Gutierrez,Mexico,"Tuxtla Gutierrez, Mexico"
THE,Teresina,Brazil,"Teresina, Brazil"
THF,"Berlin, Tempelhof",Germany,"Berlin, Tempelhof, Germany"
THR,Tehran (Teheran) Mehrabad,Iran,"Tehran (Teheran) Mehrabad, Iran"
TIA,Tirana Rinas,Albania,"Tirana Rinas, Albania"
TIF,Taif,Saudi Arabia,"Taif, Saudi Arabia"
TIJ,Tijuana Rodriguez,Mexico,"Tijuana Rodriguez, Mexico"
TIP,Tripoli Tripoli International,Libya,"Tripoli Tripoli International, Libya"
TIS,Thursday Island,Australia,"Thursday Island, Australia"
TIV,Tivat,Yugoslavia,"Tivat, Yugoslavia"
TKA,"Talkeetna, AK",USA,"Talkeetna, AK, USA"
TKS,Tokushima,Japan,"Tokushima, Japan"
TKU,Turku,Finland,"Turku, Finland"
TLH,"Tallahassee, FL",USA,"Tallahassee, FL, USA"
TLL,Tallinn Ulemiste,Estonia,"Tallinn Ulemiste, Estonia"
TLS,Toulouse Blagnac,France,"Toulouse Blagnac, France"
TLV,Tel Aviv Ben Gurion International,Israel,"Tel Aviv Ben Gurion International, Israel"
TMP,Tampere,Finland,"Tampere, Finland"
TMS,Sao Tome,Sao Tome & Principe,"Sao Tome, Sao Tome & Principe"
TMW,Tamworth,Australia,"Tamworth, Australia"
TMZ,Termez (Termes),Uzbekistan,"Termez (Termes), Uzbekistan"
TNA,Jinan,"Shandong, China","Jinan, Shandong, China"
TNG,Tanger Boukhalef,Morocco,"Tanger Boukhalef, Morocco"
TNR,Antananarivo (Tanannarive),Madagascar,"Antananarivo (Tanannarive), Madagascar"
TOD,Tioman,Indonesia,"Tioman, Indonesia"
TOL,"Toledo, OH",USA,"Toledo, OH, USA"
TOS,Tromsoe,Norway,"Tromsoe, Norway"
TOU,Touho,New Caledonia,"Touho, New Caledonia"
TOY,Toyama,Japan,"Toyama, Japan"
TPA,"Tampa International, FL",USA,"Tampa International, FL, USA"
TPE,Taipei Chiang Kai Shek,Taiwan,"Taipei Chiang Kai Shek, Taiwan"
TPR,Tom Price,Australia,"Tom Price, Australia"
TPS,Trapani,Italy,"Trapani, Italy"
TRD,Trondheim,Norway,"Trondheim, Norway"
TRF,Oslo Sandefjord,Norway,"Oslo Sandefjord, Norway"
TRI,"Tri-Cities Regional, TN/VA",USA,"Tri-Cities Regional, TN/VA, USA"
TRN,Turin,Italy,"Turin, Italy"
TRO,Taree,Australia,"Taree, Australia"
TRS,Trieste,Italy,"Trieste, Italy"
TRV,Thiruvananthapuram,India,"Thiruvananthapuram, India"
TRZ,Tiruchirapally,India,"Tiruchirapally, India"
TSB,Tsumeb,Namibia,"Tsumeb, Namibia"
TSE,Astana,Kazakstan,"Astana, Kazakstan"
TSF,Treviso,Italy,"Treviso, Italy"
TSN,Tianjin,China,"Tianjin, China"
TSV,Townsville,Australia,"Townsville, Australia"
TTN,"Trenton/Princeton, NJ",USA,"Trenton/Princeton, NJ, USA"
TUK,Turbat,Pakistan,"Turbat, Pakistan"
TUL,"Tulsa, OK",USA,"Tulsa, OK, USA"
TUN,Tunis Carthage,Tunisia,"Tunis Carthage, Tunisia"
TUP,"Tulepo, MS",USA,"Tulepo, MS, USA"
TUS,"Tucson, AZ",USA,"Tucson, AZ, USA"
TUU,Tabuk,Saudi Arabia,"Tabuk, Saudi Arabia"
TVC,"Traverse City, MI",USA,"Traverse City, MI, USA"
TVF,"Thief River Falls, MN",USA,"Thief River Falls, MN, USA"
TVL,"Lake Tahoe, CA",USA,"Lake Tahoe, CA, USA"
TWB,Toowoomba,Australia,"Toowoomba, Australia"
TWF,"Twin Falls, ID",USA,"Twin Falls, ID, USA"
TWU,Tawau,Malaysia,"Tawau, Malaysia"
TXK,"Texarkana, AR",USA,"Texarkana, AR, USA"
TXL,"Berlin, Tegel",Germany,"Berlin, Tegel, Germany"
TYN,Taiyuan,"Shanxi, China","Taiyuan, Shanxi, China"
TYO,Tokyo,Japan,"Tokyo, Japan"
TYR,"Tyler, TX",USA,"Tyler, TX, USA"
TYS,"Knoxville, TN",USA,"Knoxville, TN, USA"
UAK,Narsarsuaq,Greenland,"Narsarsuaq, Greenland"
UCA,"Utica, NY",USA,"Utica, NY, USA"
UDI,"Uberlandia, MG",Brazil,"Uberlandia, MG, Brazil"
UEE,Queenstown,Australia,"Queenstown, Australia"
UET,Quetta,Pakistan,"Quetta, Pakistan"
UIN,"Quincy, IL",USA,"Quincy, IL, USA"
UIO,Quito Mariscal Sucr,Ecuador,"Quito Mariscal Sucr, Ecuador"
UIP,Quimper,France,"Quimper, France"
UKB,Kobe,Japan,"Kobe, Japan"
UKY,Kyoto,Japan,"Kyoto, Japan"
ULD,Ulundi,South Africa,"Ulundi, South Africa"
ULN,Ulaanbaatar Buyant Uhaa,Mongolia,"Ulaanbaatar Buyant Uhaa, Mongolia"
ULU,Gulu,Uganda,"Gulu, Uganda"
UMR,Woomera,Australia,"Woomera, Australia"
UPG,Ujung Pandang,Indonesia,"Ujung Pandang, Indonesia"
URC,Urumqi,"Xinjiang, China","Urumqi, Xinjiang, China"
UTN,Upington,South Africa,"Upington, South Africa"
UTP,Utapao (Pattaya),Thailand,"Utapao (Pattaya), Thailand"
UTT,Umtata,South Africa,"Umtata, South Africa"
UUD,Ulan-Ude,Russia,"Ulan-Ude, Russia"
UVE,Oyem,Gabon/Loyautte,"Oyem, Gabon/Loyautte"
UVF,St. Lucia Hewanorra,St. Lucia,"St. Lucia Hewanorra, St. Lucia"
UVL,Kharga New Valley,Egypt,"Kharga New Valley, Egypt"
VAA,Vaasa,Finland,"Vaasa, Finland"
VAP,Valparaiso,Chile,"Valparaiso, Chile"
VAR,Varna,Bulgaria,"Varna, Bulgaria"
VBY,Visby,Sweden,"Visby, Sweden"
VCE,Venice Marco Polo,Italy,"Venice Marco Polo, Italy"
VCP,Sao Paulo Viracopos,Brazil,"Sao Paulo Viracopos, Brazil"
VDA,"Elat, Ovula",Israel,"Elat, Ovula, Israel"
VDE,Valverde,Spain,"Valverde, Spain"
VDZ,"Valdez, AK",USA,"Valdez, AK, USA"
VEL,"Vernal, UT",USA,"Vernal, UT, USA"
VER,Veracruz,Mexico,"Veracruz, Mexico"
VFA,Victoria Falls,Zimbabwe,"Victoria Falls, Zimbabwe"
VGO,Vigo,Spain,"Vigo, Spain"
VID,Vidin,Bulgaria,"Vidin, Bulgaria"
VIE,Wien (Vienna) Vienna International,Austria,"Wien (Vienna) Vienna International, Austria"
VIJ,Virgin Gorda,Virgin Islands,"Virgin Gorda, Virgin Islands"
VIS,"Visalia, CA",USA,"Visalia, CA, USA"
VIT,Vitoria,Spain,"Vitoria, Spain"
VIX,Vitoria,Brazil,"Vitoria, Brazil"
VKO,Moscow Vnukovo,Russia,"Moscow Vnukovo, Russia"
VLC,Valencia,Spain,"Valencia, Spain"
VLD,"Valdosta, GA",USA,"Valdosta, GA, USA"
VLI,Port Vila,Vanuatu,"Port Vila, Vanuatu"
VLL,Valladolid,Spain,"Valladolid, Spain"
VLN,Valencia,Venezuela,"Valencia, Venezuela"
VLU,Velikiye Luki (Welikije Luki),Russia,"Velikiye Luki (Welikije Luki), Russia"
VNO,Wilna (Vilnius),Lithuania,"Wilna (Vilnius), Lithuania"
VNS,Varanasi,India,"Varanasi, India"
VPS,"Fort Walton Beach, FL",USA,"Fort Walton Beach, FL, USA"
VRA,Varadero,Cuba,"Varadero, Cuba"
VRB,"Vero Beach/Ft. Pierce, FL",USA,"Vero Beach/Ft. Pierce, FL, USA"
VRK,Varkaus,Finland,"Varkaus, Finland"
VRN,Verona,Italy,"Verona, Italy"
VSA,Villahermosa,Mexico,"Villahermosa, Mexico"
VST,Vasteras,Sweden,"Vasteras, Sweden"
VTE,Vientiane Wattay,Laos,"Vientiane Wattay, Laos"
VXO,Vaexjoe,Sweden,"Vaexjoe, Sweden"
VYD,Vryheid,South Africa,"Vryheid, South Africa"
WAS,"Washington, DC",USA,"Washington, DC, USA"
WAW,Warsaw,Poland,"Warsaw, Poland"
WDH,Windhoek Hosea Kutako International,Namibia,"Windhoek Hosea Kutako International, Namibia"
WEI,Weipa,Australia,"Weipa, Australia"
WEL,Welkom,South Africa,"Welkom, South Africa"
WGA,Wagga,Australia,"Wagga, Australia"
WHK,Whakatane,New Zealand,"Whakatane, New Zealand"
WHM,Wickham,Australia,"Wickham, Australia"
WIC,Wick,United Kingdom,"Wick, United Kingdom"
WIE,"Wiesbaden, Air Base",Germany,"Wiesbaden, Air Base, Germany"
WLB,"Labouchere Bay, AK",USA,"Labouchere Bay, AK, USA"
WLG,Wellington,New Zealand,"Wellington, New Zealand"
WLS,Wallis,Wallis and Futuna Islands,"Wallis, Wallis and Futuna Islands"
WMB,Warrnambool,Australia,"Warrnambool, Australia"
WNS,Nawab Shah,Pakistan,"Nawab Shah, Pakistan"
WOL,Wollongong,Australia,"Wollongong, Australia"
WRE,Whangarei,New Zealand,"Whangarei, New Zealand"
WRG,"Wrangell, AK",USA,"Wrangell, AK, USA"
WRL,"Worland, WY",USA,"Worland, WY, USA"
WUH,Wuhan,"Hubei, China","Wuhan, Hubei, China"
WUN,Wiluna,Australia,"Wiluna, Australia"
WVB,Walvis Bay,South Africa,"Walvis Bay, South Africa"
WYA,Whyalla,Australia,"Whyalla, Australia"
WYN,Wyndham,Australia,"Wyndham, Australia"
WYS,"West Yellowstone, MT",USA,"West Yellowstone, MT, USA"
XIY,Xi'an Xianyang,"Shaanxi, China","Xi'an Xianyang, Shaanxi, China"
XLB,"Lac Brochet, MB",Canada,"Lac Brochet, MB, Canada"
XMH,Manihi,French Polynesia,"Manihi, French Polynesia"
XMN,Xiamen,"Fujian, China","Xiamen, Fujian, China"
XPK,Pukatawagan,Canada,"Pukatawagan, Canada"
XRY,Jerez de la Frontera/Cadiz,Spain,"Jerez de la Frontera/Cadiz, Spain"
XSI,"South Indian Lake, MB",Canada,"South Indian Lake, MB, Canada"
YAK,"Yakutat, AK",USA,"Yakutat, AK, USA"
YAO,Yaounde,Cameroon,"Yaounde, Cameroon"
YAT,"Attawapiskat, NT",Canada,"Attawapiskat, NT, Canada"
YCB,Cambridge Bay,Canada,"Cambridge Bay, Canada"
YDF,Deer Lake/Corner Brook,Canada,"Deer Lake/Corner Brook, Canada"
YEA,Edmonton,Canada,"Edmonton, Canada"
YEG,Edmonton International,Canada,"Edmonton International, Canada"
YEV,Inuvik,Canada,"Inuvik, Canada"
YFA,Fort Albert,Canada,"Fort Albert, Canada"
YFB,Iqaluit (Frobisher Bay),Canada,"Iqaluit (Frobisher Bay), Canada"
YFC,Fredericton,Canada,"Fredericton, Canada"
YFO,Flin Flon,Canada,"Flin Flon, Canada"
YGL,La Grande,Canada,"La Grande, Canada"
YGW,Kuujjuarapik,Canada,"Kuujjuarapik, Canada"
YGX,Gillam,Canada,"Gillam, Canada"
YHM,Hamilton,Canada,"Hamilton, Canada"
YHR,"Harrington Harbour, PQ",Canada,"Harrington Harbour, PQ, Canada"
YHZ,Halifax International,Canada,"Halifax International, Canada"
YIF,"St. Augustin, PQ",Canada,"St. Augustin, PQ, Canada"
YKM,"Yakima, WA",USA,"Yakima, WA, USA"
YKS,Yakutsk,Russian Federation,"Yakutsk, Russian Federation"
YLR,Leaf Rapids,Canada,"Leaf Rapids, Canada"
YLW,"Kelowna, BC",Canada,"Kelowna, BC, Canada"
YMM,Fort McMurray,Canada,"Fort McMurray, Canada"
YMQ,Montreal,Canada,"Montreal, Canada"
YMX,Montreal Mirabel,Canada,"Montreal Mirabel, Canada"
YNB,Yanbu,Saudi Arabia,"Yanbu, Saudi Arabia"
YOK,Yokohama,Japan,"Yokohama, Japan"
YOP,"Rainbow Lake, AB",Canada,"Rainbow Lake, AB, Canada"
YOW,Ottawa Hull,Canada,"Ottawa Hull, Canada"
YPN,"Port Menier, PQ",Canada,"Port Menier, PQ, Canada"
YPR,Prince Rupert/Digby Island,Canada,"Prince Rupert/Digby Island, Canada"
YQB,Quebec Quebec International,Canada,"Quebec Quebec International, Canada"
YQD,The Pas,Canada,"The Pas, Canada"
YQG,Windsor Ontario,Canada,"Windsor Ontario, Canada"
YQM,Moncton,Canada,"Moncton, Canada"
YQR,Regina,Canada,"Regina, Canada"
YQT,Thunder Bay,Canada,"Thunder Bay, Canada"
YQX,Gander,Canada,"Gander, Canada"
YRB,Resolute Bay,Canada,"Resolute Bay, Canada"
YSJ,Saint John,Canada,"Saint John, Canada"
YSM,Fort Smith,Canada,"Fort Smith, Canada"
YSR,Nanisivik,Canada,"Nanisivik, Canada"
YTH,Thompson,Canada,"Thompson, Canada"
YTO,Toronto,Canada,"Toronto, Canada"
YTZ,Toronto Island,Canada,"Toronto Island, Canada"
YUL,Montreal Dorval (Montréal-Trudeau),Canada,"Montreal Dorval (Montréal-Trudeau), Canada"
YUM,"Yuma, AZ",USA,"Yuma, AZ, USA"
YUX,Hall Beach,Canada,"Hall Beach, Canada"
YVA,Moroni Iconi,Comoros (Comores),"Moroni Iconi, Comoros (Comores)"
YVB,"Bonaventure, PQ",Canada,"Bonaventure, PQ, Canada"
YVO,Val d'Or,Canada,"Val d'Or, Canada"
YVP,Kuujjuaq (FortChimo),Canada,"Kuujjuaq (FortChimo), Canada"
YVQ,Norman Wells,Canada,"Norman Wells, Canada"
YVR,Vancouver Vancouver International,Canada,"Vancouver Vancouver International, Canada"
YWG,Winnipeg International,Canada,"Winnipeg International, Canada"
YWK,Wabush,Canada,"Wabush, Canada"
YXD,Edmonton Municipal,Canada,"Edmonton Municipal, Canada"
YXE,Saskatoon,Canada,"Saskatoon, Canada"
YXJ,Fort St. John,Canada,"Fort St. John, Canada"
YXN,"Whale Cove, NT",Canada,"Whale Cove, NT, Canada"
YXS,Prince George,Canada,"Prince George, Canada"
YXT,Terrace,Canada,"Terrace, Canada"
YXU,London,Canada,"London, Canada"
YXY,Whitehorse,Canada,"Whitehorse, Canada"
YYC,Calgary/Banff,Canada,"Calgary/Banff, Canada"
YYD,Smithers,Canada,"Smithers, Canada"
YYJ,Victoria,Canada,"Victoria, Canada"
YYQ,Churchill,Canada,"Churchill, Canada"
YYR,Goose Bay,Canada,"Goose Bay, Canada"
YYT,St. John's,Canada,"St. John's, Canada"
YYZ,Toronto Pearson International,Canada,"Toronto Pearson International, Canada"
YZF,Yellowknife,Canada,"Yellowknife, Canada"
YZP,Sandspit,Canada,"Sandspit, Canada"
ZAD,Zadar,Croatia,"Zadar, Croatia"
ZAG,Zagreb Pleso,Croatia,"Zagreb Pleso, Croatia"
ZAZ,Zaragoza,Spain,"Zaragoza, Spain"
ZBO,Bowen,Australia,"Bowen, Australia"
ZCL,Zacatecas,Mexico,"Zacatecas, Mexico"
ZDJ,Bern,Switzerland,"Bern, Switzerland"
ZIH,Ixtapa/Zihuatenejo,Mexico,"Ixtapa/Zihuatenejo, Mexico"
ZJK,Hong Kong Chek Lap Kok,Hong Kong,"Hong Kong Chek Lap Kok, Hong Kong"
ZKE,"Kaschechawan, PQ",Canada,"Kaschechawan, PQ, Canada"
ZLO,Manzanillo,Mexico,"Manzanillo, Mexico"
ZND,Zinder,Niger,"Zinder, Niger"
ZNE,Newman,Australia,"Newman, Australia"
ZNS,Kempten,Germany,"Kempten, Germany"
ZQN,Queenstown,New Zealand,"Queenstown, New Zealand"
ZRH,Zürich,Switzerland,"Zürich, Switzerland"
ZSA,San Salvador,Bahamas,"San Salvador, Bahamas"
ZSS,Sassandra,Ivory Coast,"Sassandra, Ivory Coast"
ZTH,Zakynthos,Greece,"Zakynthos, Greece"
ZTM,"Shamattawa, MB",Canada,"Shamattawa, MB, Canada"
ZYL,Sylhet,Bangladesh,"Sylhet, Bangladesh"
CLJ,Cluj-Napoca,Romania,"Cluj-Napoca, Romania"
MCO,Orlando International,USA,"Orlando International, USA"
,,,", "